-- phpMyAdmin SQL Dump
-- version 5.1.1deb5ubuntu1
-- https://www.phpmyadmin.net/
--
-- Hôte : localhost
-- Généré le : ven. 26 mai 2023 à 08:54
-- Version du serveur : 8.0.33-0ubuntu0.22.04.2
-- Version de PHP : 8.1.2-1ubuntu2.11

SET SQL_MODE = "NO_AUTO_VALUE_ON_ZERO";
START TRANSACTION;
SET time_zone = "+00:00";


/*!40101 SET @OLD_CHARACTER_SET_CLIENT=@@CHARACTER_SET_CLIENT */;
/*!40101 SET @OLD_CHARACTER_SET_RESULTS=@@CHARACTER_SET_RESULTS */;
/*!40101 SET @OLD_COLLATION_CONNECTION=@@COLLATION_CONNECTION */;
/*!40101 SET NAMES utf8mb4 */;

--
-- Base de données : `bd_app`
--

-- --------------------------------------------------------

--
-- Structure de la table `app_reservation_aeroport`
--

CREATE TABLE `app_reservation_aeroport` (
  `code` varchar(10) COLLATE utf8mb4_general_ci NOT NULL,
  `nom` varchar(255) COLLATE utf8mb4_general_ci NOT NULL,
  `ville` varchar(255) COLLATE utf8mb4_general_ci NOT NULL,
  `code_ville` varchar(255) COLLATE utf8mb4_general_ci NOT NULL,
  `pays` varchar(255) COLLATE utf8mb4_general_ci NOT NULL,
  `code_pays` varchar(255) COLLATE utf8mb4_general_ci NOT NULL
) ENGINE=InnoDB DEFAULT CHARSET=utf8mb4 COLLATE=utf8mb4_general_ci;

--
-- Déchargement des données de la table `app_reservation_aeroport`
--

INSERT INTO `app_reservation_aeroport` (`code`, `nom`, `ville`, `code_ville`, `pays`, `code_pays`) VALUES
('ADQ', 'KODIAK AIRPORT', 'KODIAK', 'ADQ', 'UNITED STATES OF AMERICA', 'US'),
('AGP', 'MALAGA AIRPORT', 'MALAGA', 'AGP', 'SPAIN', 'ES'),
('AMD', 'S.VALLABHBHAI PATEL', 'AHMEDABAD', 'AMD', 'INDIA', 'IN'),
('ANC', 'TED STEVENS INTL', 'ANCHORAGE', 'ANC', 'UNITED STATES OF AMERICA', 'US'),
('ANK', 'ETIMESGUT', 'ANKARA', 'ANK', 'TURKIYE', 'TR'),
('ATL', 'HARTSFIELD-JACKSON INT', 'ATLANTA', 'ATL', 'UNITED STATES OF AMERICA', 'US'),
('AYT', 'ANTALYA', 'ANTALYA', 'AYT', 'TURKIYE', 'TR'),
('BAR', 'BO AO', 'QIONGHAI', 'BAR', 'CHINA', 'CN'),
('BCN', 'AIRPORT', 'BARCELONA', 'BCN', 'SPAIN', 'ES'),
('BER', 'BRANDENBURG', 'BERLIN', 'BER', 'GERMANY', 'DE'),
('BGY', 'BERGAMO ORIO AL SERIO', 'MILAN', 'MIL', 'ITALY', 'IT'),
('BKK', 'SUVARNABHUMI INTL', 'BANGKOK', 'BKK', 'THAILAND', 'TH'),
('BLR', 'KEMPEGOWDA INTL', 'BENGALURU', 'BLR', 'INDIA', 'IN'),
('BNA', 'INTERNATIONAL', 'NASHVILLE', 'BNA', 'UNITED STATES OF AMERICA', 'US'),
('BOM', 'CHHATRAPATI S MAHARAJ', 'MUMBAI', 'BOM', 'INDIA', 'IN'),
('BOS', 'EDWARD L LOGAN INTL', 'BOSTON', 'BOS', 'UNITED STATES OF AMERICA', 'US'),
('BPE', 'BEIDAIHE', 'QINHUANGDAO', 'BPE', 'CHINA', 'CN'),
('BRW', 'W.POST W.ROGERS MEM', 'BARROW', 'BRW', 'UNITED STATES OF AMERICA', 'US'),
('BWI', 'BALTIMORE/WASH. INTL', 'BALTIMORE', 'WAS', 'UNITED STATES OF AMERICA', 'US'),
('CAN', 'BAIYUN INTL', 'GUANGZHOU', 'CAN', 'CHINA', 'CN'),
('CCU', 'SUBHAS CHANDRA BOSE', 'KOLKATA', 'CCU', 'INDIA', 'IN'),
('CDG', 'CHARLES DE GAULLE', 'PARIS', 'PAR', 'FRANCE', 'FR'),
('CGO', 'XINZHENG INTL', 'ZHENGZHOU', 'CGO', 'CHINA', 'CN'),
('CIA', 'CIAMPINO', 'ROME', 'ROM', 'ITALY', 'IT'),
('CKG', 'JIANGBEI INTL', 'CHONGQING', 'CKG', 'CHINA', 'CN'),
('CLT', 'DOUGLAS INTL', 'CHARLOTTE', 'CLT', 'UNITED STATES OF AMERICA', 'US'),
('CMH', 'JOHN GLENN INTL', 'COLUMBUS', 'CMH', 'UNITED STATES OF AMERICA', 'US'),
('DCA', 'R REAGAN NAT', 'WASHINGTON', 'WAS', 'UNITED STATES OF AMERICA', 'US'),
('DEL', 'INDIRA GANDHI INTL', 'DELHI', 'DEL', 'INDIA', 'IN'),
('DEN', 'DENVER INTERNATIONAL', 'DENVER', 'DEN', 'UNITED STATES OF AMERICA', 'US'),
('DFW', 'DALLAS FT WORTH INTL', 'DALLAS', 'DFW', 'UNITED STATES OF AMERICA', 'US'),
('DLC', 'ZHOUSHUIZI INTL', 'DALIAN', 'DLC', 'CHINA', 'CN'),
('DMK', 'DON MUEANG INTL', 'BANGKOK', 'BKK', 'THAILAND', 'TH'),
('DTW', 'METROPOLITAN WAYNE CO', 'DETROIT', 'DTT', 'UNITED STATES OF AMERICA', 'US'),
('DYG', 'HEHUA', 'ZHANGJIAJIE', 'DYG', 'CHINA', 'CN'),
('EDI', 'AIRPORT', 'EDINBURGH', 'EDI', 'UNITED KINGDOM', 'GB'),
('ESB', 'ESENBOGA', 'ANKARA', 'ANK', 'TURKIYE', 'TR'),
('EWR', 'NEWARK LIBERTY INTL', 'NEW YORK', 'NYC', 'UNITED STATES OF AMERICA', 'US'),
('FCO', 'FIUMICINO', 'ROME', 'ROM', 'ITALY', 'IT'),
('FLL', 'FLL INTL', 'FT LAUDERDALE', 'FLL', 'UNITED STATES OF AMERICA', 'US'),
('FRA', 'FRANKFURT INTL', 'FRANKFURT', 'FRA', 'GERMANY', 'DE'),
('FYU', 'FORT YUKON', 'FORT YUKON', 'FYU', 'UNITED STATES OF AMERICA', 'US'),
('HAM', 'HAMBURG', 'HAMBURG', 'HAM', 'GERMANY', 'DE'),
('HDY', 'INTERNATIONAL', 'HAT YAI', 'HDY', 'THAILAND', 'TH'),
('HFE', 'XINQIAO INTL', 'HEFEI', 'HFE', 'CHINA', 'CN'),
('HGH', 'XIAOSHAN INTL', 'HANGZHOU', 'HGH', 'CHINA', 'CN'),
('HKT', 'PHUKET INTL', 'PHUKET', 'HKT', 'THAILAND', 'TH'),
('HNL', 'DANIEL K INOUYE INTL', 'HONOLULU', 'HNL', 'UNITED STATES OF AMERICA', 'US'),
('HOU', 'WILLIAM P HOBBY', 'HOUSTON', 'HOU', 'UNITED STATES OF AMERICA', 'US'),
('HSN', 'PUTUOSHAN', 'ZHOUSHAN', 'HSN', 'CHINA', 'CN'),
('HYD', 'RAJIV GANDHI INTL', 'HYDERABAD', 'HYD', 'INDIA', 'IN'),
('IAD', 'DULLES INTL', 'WASHINGTON', 'WAS', 'UNITED STATES OF AMERICA', 'US'),
('IAH', 'GEORGE BUSH INTERCONT', 'HOUSTON', 'HOU', 'UNITED STATES OF AMERICA', 'US'),
('INC', 'HEDONG', 'YINCHUAN', 'INC', 'CHINA', 'CN'),
('IQN', 'QINGYANG', 'QINGYANG', 'IQN', 'CHINA', 'CN'),
('IST', 'ISTANBUL AIRPORT', 'ISTANBUL', 'IST', 'TURKIYE', 'TR'),
('JFK', 'JOHN F KENNEDY INTL', 'NEW YORK', 'NYC', 'UNITED STATES OF AMERICA', 'US'),
('JHG', 'XISHUANGBANNA GASA INT', 'JINGHONG', 'JHG', 'CHINA', 'CN'),
('JJN', 'JINJIANG', 'QUANZHOU', 'JJN', 'CHINA', 'CN'),
('JNG', 'QUFU', 'JINING', 'JNG', 'CHINA', 'CN'),
('JNU', 'JUNEAU INTL', 'JUNEAU', 'JNU', 'UNITED STATES OF AMERICA', 'US'),
('KMG', 'CHANGSHUI INTL', 'KUNMING', 'KMG', 'CHINA', 'CN'),
('KWE', 'LONGDONGBAO INTL', 'GUIYANG', 'KWE', 'CHINA', 'CN'),
('KWN', 'QUINHAGAK', 'QUINHAGAK', 'KWN', 'UNITED STATES OF AMERICA', 'US'),
('LAS', 'HARRY REID INTL', 'LAS VEGAS', 'LAS', 'UNITED STATES OF AMERICA', 'US'),
('LAX', 'LOS ANGELES INTL', 'LOS ANGELES', 'LAX', 'UNITED STATES OF AMERICA', 'US'),
('LGA', 'LAGUARDIA', 'NEW YORK', 'NYC', 'UNITED STATES OF AMERICA', 'US'),
('LGW', 'GATWICK', 'LONDON', 'LON', 'UNITED KINGDOM', 'GB'),
('LHR', 'HEATHROW', 'LONDON', 'LON', 'UNITED KINGDOM', 'GB'),
('LHW', 'ZHONGCHUAN', 'LANZHOU', 'LHW', 'CHINA', 'CN'),
('MAD', 'ADOLFO SUAREZ BARAJAS', 'MADRID', 'MAD', 'SPAIN', 'ES'),
('MAN', 'MANCHESTER AIRPORT', 'MANCHESTER', 'MAN', 'UNITED KINGDOM', 'GB'),
('MCI', 'KANSAS CITY INTL', 'KANSAS CITY', 'MKC', 'UNITED STATES OF AMERICA', 'US'),
('MCO', 'ORLANDO INTL', 'ORLANDO', 'ORL', 'UNITED STATES OF AMERICA', 'US'),
('MEX', 'BENITO JUAREZ INTL', 'MEXICO CITY', 'MEX', 'MEXICO', 'MX'),
('MIA', 'MIAMI INTL', 'MIAMI', 'MIA', 'UNITED STATES OF AMERICA', 'US'),
('MLI', 'QUAD CITY INTL', 'MOLINE', 'MLI', 'UNITED STATES OF AMERICA', 'US'),
('MSP', 'ST PAUL INTL', 'MINNEAPOLIS/ST PAUL', 'MSP', 'UNITED STATES OF AMERICA', 'US'),
('MSY', 'LOUIS ARMSTRONG INTL', 'NEW ORLEANS', 'MSY', 'UNITED STATES OF AMERICA', 'US'),
('MUC', 'MUNICH INTERNATIONAL', 'MUNICH', 'MUC', 'GERMANY', 'DE'),
('NCE', 'COTE D AZUR', 'NICE', 'NCE', 'FRANCE', 'FR'),
('NKG', 'LUKOU INTL', 'NANJING', 'NKG', 'CHINA', 'CN'),
('NTG', 'XINGDONG', 'NANTONG', 'NTG', 'CHINA', 'CN'),
('OAK', 'OAKLAND INTL', 'OAKLAND', 'OAK', 'UNITED STATES OF AMERICA', 'US'),
('OGG', 'KAHULUI', 'KAHULUI', 'OGG', 'UNITED STATES OF AMERICA', 'US'),
('OME', 'NOME', 'NOME', 'OME', 'UNITED STATES OF AMERICA', 'US'),
('ORD', 'O HARE INTERNATIONAL', 'CHICAGO', 'CHI', 'UNITED STATES OF AMERICA', 'US'),
('ORF', 'NORFOLK INTL', 'NORFOLK', 'ORF', 'UNITED STATES OF AMERICA', 'US'),
('ORL', 'EXECUTIVE', 'ORLANDO', 'ORL', 'UNITED STATES OF AMERICA', 'US'),
('ORY', 'ORLY', 'PARIS', 'PAR', 'FRANCE', 'FR'),
('OTZ', 'RALPH WIEN MEMORIAL', 'KOTZEBUE', 'OTZ', 'UNITED STATES OF AMERICA', 'US'),
('PDX', 'PORTLAND INTL', 'PORTLAND', 'PDX', 'UNITED STATES OF AMERICA', 'US'),
('PEK', 'CAPITAL INTL', 'BEIJING', 'BJS', 'CHINA', 'CN'),
('PHL', 'PHILADELPHIA INTL', 'PHILADELPHIA', 'PHL', 'UNITED STATES OF AMERICA', 'US'),
('PHX', 'SKY HARBOR INTL', 'PHOENIX', 'PHX', 'UNITED STATES OF AMERICA', 'US'),
('PMI', 'PALMA DE MALLORCA', 'PALMA DE MALLORCA', 'PMI', 'SPAIN', 'ES'),
('PVG', 'PUDONG INTL', 'SHANGHAI', 'SHA', 'CHINA', 'CN'),
('PVR', 'G.DIAZ ORDAZ INTL', 'PUERTO VALLARTA', 'PVR', 'MEXICO', 'MX'),
('QRO', 'INTERCONTINENTAL', 'QUERETARO', 'QRO', 'MEXICO', 'MX'),
('RDU', 'INTERNATIONAL', 'RALEIGH DURHAM', 'RDU', 'UNITED STATES OF AMERICA', 'US'),
('RIC', 'INTERNATIONAL', 'RICHMOND', 'RIC', 'UNITED STATES OF AMERICA', 'US'),
('RSW', 'SOUTHWEST FLORIDA INTL', 'FORT MYERS', 'FMY', 'UNITED STATES OF AMERICA', 'US'),
('SAW', 'SABIHA GOKCEN', 'ISTANBUL', 'IST', 'TURKIYE', 'TR'),
('SEA', 'SEATTLE TACOMA INTL', 'SEATTLE', 'SEA', 'UNITED STATES OF AMERICA', 'US'),
('SFO', 'SAN FRANCISCO INTL', 'SAN FRANCISCO', 'SFO', 'UNITED STATES OF AMERICA', 'US'),
('SHA', 'HONGQIAO INTL', 'SHANGHAI', 'SHA', 'CHINA', 'CN'),
('SIA', 'XIGUAN', 'XI AN', 'SIA', 'CHINA', 'CN'),
('SJC', 'NORMAN Y. MINETA INTL', 'SAN JOSE', 'SJC', 'UNITED STATES OF AMERICA', 'US'),
('SJW', 'ZHENGDING INTL', 'SHIJIAZHUANG', 'SJW', 'CHINA', 'CN'),
('SLC', 'SALT LAKE CITY INTL', 'SALT LAKE CITY', 'SLC', 'UNITED STATES OF AMERICA', 'US'),
('SNA', 'JOHN WAYNE', 'SANTA ANA', 'SNA', 'UNITED STATES OF AMERICA', 'US'),
('STN', 'STANSTED', 'LONDON', 'LON', 'UNITED KINGDOM', 'GB'),
('SZX', 'BAO AN INTL', 'SHENZHEN', 'SZX', 'CHINA', 'CN'),
('TAO', 'JIAODONG INTERNATIONAL', 'QINGDAO', 'TAO', 'CHINA', 'CN'),
('TIJ', 'A.L. RODRIGUEZ INTL', 'TIJUANA', 'TIJ', 'MEXICO', 'MX'),
('TNA', 'YAOQIANG INTL', 'JINAN', 'TNA', 'CHINA', 'CN'),
('TSF', 'TREVISO SANT ANGELO', 'VENICE', 'VCE', 'ITALY', 'IT'),
('TXL', 'TEGEL', 'BERLIN', 'BER', 'GERMANY', 'DE'),
('VCE', 'MARCO POLO', 'VENICE', 'VCE', 'ITALY', 'IT'),
('VLC', 'VALENCIA AIRPORT', 'VALENCIA', 'VLC', 'SPAIN', 'ES'),
('VNS', 'LAL BAHADUR SHASTRI', 'VARANASI', 'VNS', 'INDIA', 'IN'),
('VRN', 'VILLAFRANCA', 'VERONA', 'VRN', 'ITALY', 'IT'),
('WNZ', 'YONGQIANG INTL', 'WENZHOU', 'WNZ', 'CHINA', 'CN'),
('WUH', 'TIANHE INTL', 'WUHAN', 'WUH', 'CHINA', 'CN'),
('XIC', 'QINGSHAN', 'XICHANG', 'XIC', 'CHINA', 'CN'),
('XIY', 'XIANYANG INTL', 'XI AN', 'SIA', 'CHINA', 'CN'),
('XMN', 'GAOQI INTL', 'XIAMEN', 'XMN', 'CHINA', 'CN'),
('XNA', 'NW ARKANSAS RGN', 'FAYETTEVILLE SPRINGD', 'FYV', 'UNITED STATES OF AMERICA', 'US'),
('XNN', 'CAOJIABAO', 'XINING', 'XNN', 'CHINA', 'CN'),
('YNT', 'PENGLAI INTL', 'YANTAI', 'YNT', 'CHINA', 'CN'),
('ZHA', 'WUCHUAN', 'ZHANJIANG', 'ZHA', 'CHINA', 'CN'),
('ZIH', 'INTERNATIONAL', 'IXTAPA ZIHUATANEJO', 'ZIH', 'MEXICO', 'MX'),
('ZUH', 'SANZAO INTL', 'ZHUHAI', 'ZUH', 'CHINA', 'CN'),
('ZYI', 'XINZHOU', 'ZUNYI', 'ZYI', 'CHINA', 'CN');

-- --------------------------------------------------------

--
-- Structure de la table `app_reservation_chambre`
--

CREATE TABLE `app_reservation_chambre` (
  `id` bigint NOT NULL,
  `type_chambre` varchar(255) COLLATE utf8mb4_general_ci NOT NULL,
  `description` varchar(255) COLLATE utf8mb4_general_ci NOT NULL,
  `prix` decimal(10,2) NOT NULL,
  `nombre_place` decimal(10,2) NOT NULL,
  `photo` varchar(255) COLLATE utf8mb4_general_ci NOT NULL,
  `hotel_id` varchar(10) COLLATE utf8mb4_general_ci NOT NULL
) ENGINE=InnoDB DEFAULT CHARSET=utf8mb4 COLLATE=utf8mb4_general_ci;

--
-- Déchargement des données de la table `app_reservation_chambre`
--

INSERT INTO `app_reservation_chambre` (`id`, `type_chambre`, `description`, `prix`, `nombre_place`, `photo`, `hotel_id`) VALUES
(1, 'Chambre de Luxe', 'Vue sur la mer', '90000.00', '2.00', 'c4.jpeg', 'RDDKR117'),
(2, 'Chambre Premium', 'Vue sur le jardin', '990000.00', '4.00', 'c4.jpeg', 'IQDKRTER'),
(3, 'Chambre Premium', 'Vue sur la ville', '90000.00', '2.00', 'c4.jpeg', 'FGDKRLDN'),
(4, 'Chambre Premium', 'Vue sur la mer', '150000.00', '4.00', 'c2.jpg', 'IQDKRTER'),
(5, 'Chambre de Luxe', 'Vue sur la ville', '120000.00', '4.00', 'c3.jpeg', 'WKDKR563'),
(6, 'Suite', 'Vue sur le jardin', '150000.00', '4.00', 'c3.jpeg', 'TYDKRRAC'),
(7, 'Suite Junior', 'Vue sur le jardin', '150000.00', '2.00', 'c3.jpeg', 'TYDKRRHI'),
(8, 'Suite Junior', 'Vue sur la mer', '50000.00', '2.00', 'c1.jpg', 'FGDKRLDN'),
(9, 'Chambre Simple', 'Vue sur la mer', '120000.00', '2.00', 'c4.jpeg', 'TYDKRRHI'),
(10, 'Suite', 'Vue sur la ville', '990000.00', '5.00', 'c3.jpeg', 'TYDKRRAC'),
(11, 'Suite Junior', 'Vue sur l’océan', '50000.00', '4.00', 'c1.jpg', 'TYDKRRHI'),
(12, 'Chambre Simple', 'Vue sur la mer', '50000.00', '2.00', 'c4.jpeg', 'IQDKRTER'),
(13, 'Suite Junior', 'Vue sur la ville', '90000.00', '2.00', 'c2.jpg', 'IQDKRTER'),
(14, 'Chambre Simple', 'Vue sur l’océan', '120000.00', '1.00', 'c1.jpg', 'FGDKRLDN'),
(15, 'Chambre Simple', 'Vue sur la mer', '120000.00', '1.00', 'c1.jpg', 'TYDKRRAC'),
(16, 'Chambre de Luxe', 'Vue sur le jardin', '90000.00', '2.00', 'c4.jpeg', 'FGDKRLDN'),
(17, 'Suite', 'Vue sur la mer', '150000.00', '4.00', 'c2.jpg', 'IQDKRTER'),
(18, 'Chambre de Luxe', 'Vue sur le jardin', '120000.00', '1.00', 'c3.jpeg', 'RDDKR117'),
(19, 'Chambre de Luxe', 'Vue sur la ville', '990000.00', '1.00', 'c2.jpg', 'IQDKRTER'),
(20, 'Chambre Simple', 'Vue sur l’océan', '90000.00', '4.00', 'c1.jpg', 'FGDKRLDN'),
(21, 'Suite', 'Vue sur la mer', '50000.00', '4.00', 'c2.jpg', 'IQDKRTER'),
(22, 'Chambre de Luxe', 'Vue sur la mer', '150000.00', '1.00', 'c1.jpg', 'FGDKRLDN'),
(23, 'Chambre Simple', 'Vue sur l’océan', '90000.00', '5.00', 'c1.jpg', 'IQDKRTER'),
(24, 'Chambre Simple', 'Vue sur la mer', '120000.00', '5.00', 'c3.jpeg', 'RDDKR117'),
(25, 'Chambre Premium', 'Vue sur la ville', '90000.00', '5.00', 'c2.jpg', 'RDDKR117'),
(26, 'Chambre Simple', 'Vue sur le jardin', '50000.00', '2.00', 'c4.jpeg', 'FGDKRLDN'),
(27, 'Chambre Simple', 'Vue sur la mer', '120000.00', '2.00', 'c3.jpeg', 'TYDKRRHI'),
(28, 'Suite', 'Vue sur la mer', '50000.00', '4.00', 'c3.jpeg', 'FGDKRLDN'),
(29, 'Chambre Premium', 'Vue sur la mer', '90000.00', '1.00', 'c4.jpeg', 'FGDKRLDN'),
(30, 'Chambre Simple', 'Vue sur le jardin', '90000.00', '2.00', 'c3.jpeg', 'IQDKRTER'),
(31, 'Chambre de Luxe', 'Vue sur la ville', '120000.00', '2.00', 'c3.jpeg', 'FGDKRLDN'),
(32, 'Suite Junior', 'Vue sur le jardin', '90000.00', '5.00', 'c3.jpeg', 'WKDKR563'),
(33, 'Suite Junior', 'Vue sur la ville', '90000.00', '1.00', 'c3.jpeg', 'FGDKRLDN'),
(34, 'Suite', 'Vue sur la ville', '90000.00', '2.00', 'c3.jpeg', 'FGDKRLDN'),
(35, 'Chambre Simple', 'Vue sur la mer', '90000.00', '2.00', 'c2.jpg', 'WKDKR563'),
(36, 'Chambre de Luxe', 'Vue sur le jardin', '90000.00', '1.00', 'c3.jpeg', 'IQDKRTER'),
(37, 'Suite Junior', 'Vue sur le jardin', '990000.00', '2.00', 'c1.jpg', 'TYDKRRHI'),
(38, 'Chambre Premium', 'Vue sur la ville', '120000.00', '4.00', 'c4.jpeg', 'IQDKRTER'),
(39, 'Chambre Simple', 'Vue sur la mer', '90000.00', '2.00', 'c2.jpg', 'IQDKRTER'),
(40, 'Chambre de Luxe', 'Vue sur la ville', '120000.00', '2.00', 'c4.jpeg', 'TYDKRRHI'),
(41, 'Chambre Premium', 'Vue sur la mer', '50000.00', '4.00', 'c4.jpeg', 'RDDKR117'),
(42, 'Chambre Premium', 'Vue sur la mer', '50000.00', '1.00', 'c1.jpg', 'FGDKRLDN'),
(43, 'Chambre de Luxe', 'Vue sur l’océan', '120000.00', '4.00', 'c1.jpg', 'FGDKRLDN'),
(44, 'Suite', 'Vue sur l’océan', '150000.00', '2.00', 'c2.jpg', 'TYDKRRHI'),
(45, 'Suite Junior', 'Vue sur la ville', '50000.00', '4.00', 'c3.jpeg', 'TYDKRRHI'),
(46, 'Chambre Premium', 'Vue sur la ville', '50000.00', '5.00', 'c3.jpeg', 'FGDKRLDN'),
(47, 'Suite', 'Vue sur la mer', '990000.00', '5.00', 'c3.jpeg', 'FGDKRLDN');

-- --------------------------------------------------------

--
-- Structure de la table `app_reservation_compagnie`
--

CREATE TABLE `app_reservation_compagnie` (
  `code` varchar(10) COLLATE utf8mb4_general_ci NOT NULL,
  `nom` varchar(255) COLLATE utf8mb4_general_ci NOT NULL
) ENGINE=InnoDB DEFAULT CHARSET=utf8mb4 COLLATE=utf8mb4_general_ci;

--
-- Déchargement des données de la table `app_reservation_compagnie`
--

INSERT INTO `app_reservation_compagnie` (`code`, `nom`) VALUES
('0A', 'UNDEFINED'),
('0B', 'BLUE AIR AVIATION'),
('0C', 'COBRA AVIATION'),
('0D', 'UNDEFINED'),
('0E', 'AMADEUS PRESALES 0E'),
('0F', 'UNDEFINED'),
('0G', 'UNDEFINED'),
('0H', 'UNDEFINED'),
('0I', 'UNDEFINED'),
('0J', 'PREMIUM JET AG'),
('0K', 'UNDEFINED'),
('0L', 'UNDEFINED'),
('0M', 'UNDEFINED'),
('0N', 'AMADEUS 0N'),
('0O', 'STA TRAVEL'),
('0P', 'UNDEFINED'),
('0Q', 'AMADEUS AIRLINE'),
('0R', 'UNDEFINED'),
('0S', 'UNDEFINED'),
('0T', 'UNDEFINED'),
('0U', 'UNDEFINED'),
('0V', 'UNDEFINED'),
('0W', 'UNDEFINED'),
('0X', 'AMADEUS AIRLINE 0X'),
('0Y', 'AMADEUS AIRLINE 0Y'),
('0Z', 'AMADEUS 0Z'),
('1A', 'AMADEUS'),
('1B', 'ABACUS'),
('1C', 'EDS INFORMATION BUSINESS'),
('1D', 'RADDIX SOLUTIONS INTL'),
('1E', 'TRAVELSKY TECHNOLOGY LTD'),
('1F', 'INFINI TRAVEL INFORMATION'),
('1G', 'TRAVELPORT'),
('1H', 'SIRENA-TRAVEL'),
('1I', 'UNDEFINED'),
('1J', 'AXESS INTERNATIONAL'),
('1K', 'SUTRA INC.'),
('1L', 'CITIZENPLANE'),
('1M', 'ONLINE RESERVATION SYSTEM JSC'),
('1N', 'NAVITAIRE NEW SKIES'),
('1O', 'PHOENIX SYSTEMS DERTOURS'),
('1P', 'WORLDSPAN'),
('1Q', 'INTELISYS AVIATION SYSTEMS'),
('1R', 'JR TECHNOLOGIES IRELAND'),
('1S', 'SABRE'),
('1T', 'HITIT BILGISAYAR HIZMETLERI'),
('1U', 'ITA SOFTWARE'),
('1V', 'GALILEO INTERNATIONAL'),
('1W', 'CTW CONSULTING'),
('1X', 'BRANSON AIR'),
('1Y', 'DXC TECHNOLOGY SERVICES'),
('1Z', 'BIRD INFORMATION SYSTEM'),
('2A', 'DEUTSCHE BAHN AG'),
('2B', 'ALBAWINGS'),
('2C', 'SNCF'),
('2D', 'EASTERN AIRLINES'),
('2E', 'SMOKEY BAY AIR'),
('2F', 'AFRINAT INTERNATIONAL AIRLINES'),
('2G', 'ANGARA AIRLINES'),
('2H', 'THALYS INTERNATIONAL'),
('2I', 'STAR PERU'),
('2J', 'AIR BURKINA'),
('2K', 'AVIANCA ECUADOR S.A.'),
('2L', 'HELVETIC AIRWAYS'),
('2M', 'MAYA ISLAND AIR'),
('2N', 'UNDEFINED'),
('2O', 'REDEMPTION'),
('2P', 'PAL EXPRESS'),
('2Q', 'UNDEFINED'),
('2R', 'SUNLIGHT AIR'),
('2S', 'SOUTHWIND AIRLINES'),
('2T', 'TURBO MEGHA AIRWAYS'),
('2U', 'ERO SUN D\'OR'),
('2V', 'AMTRAK'),
('2W', 'World 2 Fly'),
('2X', 'AMADEUS TWO'),
('2Y', 'AMADEUS PDF 2Y'),
('2Z', 'PASSAREDO TRANSPORTES'),
('3A', 'CHU KONG PASSENGER TRANSPORT'),
('3B', 'BESTFLY'),
('3C', 'AIR CHATHAMS'),
('3D', 'UNDEFINED'),
('3E', 'MULTI AERO'),
('3F', 'UNDEFINED'),
('3G', 'UNDEFINED'),
('3H', 'AIR INUIT'),
('3I', 'UNDEFINED'),
('3J', 'JUBBA AIRWAYS LIMITED'),
('3K', 'JETSTAR ASIA'),
('3L', 'AIR ARABIA ABU DHABI'),
('3M', 'SILVER AIRWAYS CORP'),
('3N', 'AIR URGA'),
('3O', 'AIR ARABIA MAROC'),
('3P', 'WORLD 2 FLY PORTUGAL'),
('3Q', 'UNDEFINED'),
('3R', 'DIVI DIVI AIR'),
('3S', 'AIR ANTILLES EXPRESS'),
('3T', 'TARCO AVIATION'),
('3U', 'SICHUAN AIRLINES'),
('3V', 'TNT AIRWAYS'),
('3W', 'MALAWI AIRLINES'),
('3X', 'UNDEFINED'),
('3Y', 'UNDEFINED'),
('3Z', 'SMARTWINGS POLAND'),
('4A', 'AERO TRANSPORTE'),
('4B', 'BOUTIQUE AIR'),
('4C', 'LATAM AIRLINES COLOMBIA'),
('4D', 'AIR SINAI'),
('4E', 'UNDEFINED'),
('4F', 'FREEDOM AIRLINE EXPRESS'),
('4G', 'GAZPROMAVIA'),
('4H', 'HI AIR'),
('4I', 'UNDEFINED'),
('4J', 'JETAIR CARIBBEAN'),
('4K', 'UNDEFINED'),
('4L', 'UNDEFINED'),
('4M', 'LATAM AIRLINES ARGENTINA'),
('4N', 'AIR NORTH'),
('4P', 'Regional Sky'),
('4Q', 'UNDEFINED'),
('4R', 'RENFE VIAJEROS'),
('4S', 'UNDEFINED'),
('4T', 'TRANSWEST AIR LIMITED'),
('4U', 'GERMANWINGS'),
('4V', 'FLY GANGWON'),
('4W', 'WARBELOWS AIR VENTURES'),
('4X', 'UNDEFINED'),
('4Y', 'EW Discover'),
('4Z', 'AIRLINK'),
('5A', 'BVI AIRWAYS'),
('5B', 'BASSAKA AIR'),
('5C', 'UNDEFINED'),
('5D', 'AEROLITORAL'),
('5E', 'ALFA AIRLINES SD'),
('5F', 'FLY ONE'),
('5G', 'Mayair'),
('5H', 'UNDEFINED'),
('5I', 'UNDEFINED'),
('5J', 'CEBU AIR'),
('5K', 'HI FLY TRANSPORTES AEREO'),
('5L', 'UNDEFINED'),
('5M', 'FLY MONTSERRAT'),
('5N', 'SMARTAVIA'),
('5O', 'ASL AIRLINES FRANCE'),
('5P', 'PANORAMA AIRWAYS'),
('5Q', 'HOLIDAY EUROPE'),
('5R', 'RUTACA'),
('5S', 'GLOBAL AIR TRANSPORT'),
('5T', 'CANADIAN NORTH'),
('5U', 'TRANSPORTES AEREOS'),
('5V', 'EVERTS'),
('5W', 'WIZZ AIR ABU DHABI'),
('5X', 'UNDEFINED'),
('5Y', 'UNDEFINED'),
('5Z', 'CEMAIR'),
('6A', 'ARMENIA AIRWAYS'),
('6B', 'TUIFLY NORDIC'),
('6C', 'AIR TIMOR'),
('6D', 'SMARTWINGS SLOVAKIA'),
('6E', 'INDIGO'),
('6F', 'FOX AIRCRAFT LLC'),
('6G', 'UNDEFINED'),
('6H', 'ISRAIR'),
('6I', 'AIR ALSIE'),
('6J', 'SOLASEED AIR'),
('6K', 'UNDEFINED'),
('6L', 'UNDEFINED'),
('6M', 'UNDEFINED'),
('6N', 'NIGER AIRLINES'),
('6O', 'ORBEST (GHD)'),
('6P', 'UNDEFINED'),
('6Q', 'CHAM WINGS AIRLINES'),
('6R', 'MIRNY AIR'),
('6S', 'SAUDI GULF AIRLINES'),
('6T', 'UNDEFINED'),
('6U', 'UNDEFINED'),
('6V', 'UNDEFINED'),
('6W', 'FLYBOSNIA'),
('6X', 'AMADEUS SIX'),
('6Y', 'AMADEUS 6Y'),
('6Z', 'AMADEUS 6Z'),
('7A', 'UNDEFINED'),
('7B', 'BEES AIRLINE LLC'),
('7C', 'JEJU AIR'),
('7D', 'UNDEFINED'),
('7E', 'SYLT AIR GMBH'),
('7F', 'FIRST AIR'),
('7G', 'STAR FLYER'),
('7H', 'RAVN ALASKA'),
('7I', 'AIR LIBYA'),
('7J', 'TAJIK AIR'),
('7K', 'UNDEFINED'),
('7L', 'UNDEFINED'),
('7M', 'MAP LINHAS AEREAS'),
('7N', 'PAN AMERICAN WORLD'),
('7O', 'SMARTWINGS HUNGARY'),
('7P', 'AIR PANAMA'),
('7Q', 'ELITE AIRWAYS'),
('7R', 'RUSLINE'),
('7S', 'AMADEUS PDF 7S'),
('7T', 'TRENITALIA'),
('7U', 'UNDEFINED'),
('7V', 'FEDERAL AIRLINES'),
('7W', 'WIND ROSE AVIATION'),
('7X', 'AMADEUS SEVEN'),
('7Y', 'AMADEUS 7Y'),
('7Z', 'AMADEUS 7Z'),
('8A', 'UNDEFINED'),
('8B', 'TRANSNUSA AVIATION'),
('8C', 'UNDEFINED'),
('8D', 'UNDEFINED'),
('8E', 'BERING AIR'),
('8F', 'STP AIRWAYS'),
('8G', 'MID AFRICA AVIATION'),
('8H', 'BH AIR'),
('8I', 'UNDEFINED'),
('8J', 'UNDEFINED'),
('8K', 'EXPLOITS VALLEY AIR SERVICES'),
('8L', 'LUCKY AIR'),
('8M', 'MYANMAR AIRWAYS INTL'),
('8N', 'REGIONAL AIR SERVICES'),
('8O', 'UNDEFINED'),
('8P', 'PACIFIC COASTAL AIRLINES'),
('8Q', 'ONUR AIR'),
('8R', 'Amelia'),
('8S', 'AMADEUS 8S'),
('8T', 'AIR TINDI LTD'),
('8U', 'AFRIQIYAH AIRWAYS'),
('8V', 'WRIGHT AIR SERVICES'),
('8W', 'FLY ALWAYS'),
('8X', 'AMADEUS EIGHT'),
('8Y', 'ASTRO AIR INTERNATIONAL'),
('8Z', 'CONGO AIRWAYS'),
('9A', 'GRAN COLOMBIA DE AVIACION'),
('9B', 'ACCESRAIL'),
('9C', 'SPRING AIRLINES'),
('9D', 'GENGHIS KHAN AIRLINES'),
('9E', 'ENDEAVOR AIR'),
('9F', 'EUROSTAR'),
('9G', 'UNDEFINED'),
('9H', 'AIR CHANGAN'),
('9I', 'ALLIANCE AIR'),
('9J', 'DANA AIRLINES LIMITED'),
('9K', 'CAPE AIR'),
('9L', 'UNDEFINED'),
('9M', 'CENTRAL MOUNTAIN AIR'),
('9N', 'TROPIC AIR LIMITED'),
('9O', 'UNDEFINED'),
('9P', 'FLY JINNAH'),
('9Q', 'CAICOS EXPRESS AIRWAYS'),
('9R', 'SATENA'),
('9S', 'AMADEUS PDF 9S'),
('9T', 'THAI SUMMER AIRWAYS'),
('9U', 'AIR MOLDOVA'),
('9V', 'AVIOR AIRLINES'),
('9W', 'UNDEFINED'),
('9X', 'SOUTHERN AIRWAYS EXPRESS'),
('9Y', 'NATIONAL AIRWAYS'),
('9Z', 'AMADEUS PDF 9Z'),
('A0', 'BA EUROFLYER'),
('A1', 'A.P.G. DISTRIBUTION SYSTEM'),
('A2', 'ANIMA WINGS'),
('A3', 'AEGEAN AIRLINES'),
('A4', 'JSC AZIMUTH AIRLINES'),
('A5', 'HOP'),
('A6', 'AIR TRAVEL'),
('A7', 'AIR NIAMEY'),
('A8', 'AEROLINK UGANDA LIMITED'),
('A9', 'GEORGIAN AIRWAYS'),
('AA', 'AMERICAN AIRLINES'),
('AB', 'AIR BERLIN'),
('AC', 'AIR CANADA'),
('AD', 'AZUL LINHAS AEREAS BRASILEIRAS'),
('AE', 'MANDARIN AIRLINES'),
('AF', 'AIR FRANCE'),
('AG', 'ARUBA AIRLINES'),
('AH', 'AIR ALGERIE'),
('AI', 'AIR INDIA'),
('AJ', 'UNDEFINED'),
('AK', 'AIRASIA SDN BHD'),
('AL', 'UNDEFINED'),
('AM', 'AEROMEXICO'),
('AN', 'ADVANCED AIR'),
('AO', 'AVIANOVA LCC'),
('AP', 'ALBA STAR'),
('AQ', '9 AIR'),
('AR', 'AEROLINEAS ARGENTINAS'),
('AS', 'ALASKA AIRLINES'),
('AT', 'ROYAL AIR MAROC'),
('AU', 'CANADA JETLINES OPERATIONS'),
('AV', 'AVIANCA'),
('AW', 'AFRICA WORLD AIRLINES'),
('AX', 'TRANS STATES AIRLINES'),
('AY', 'FINNAIR'),
('AZ', 'ITA AIRWAYS'),
('B0', 'LA COMPAGNIE'),
('B1', 'BRAVO PASSENGER SOLUTION'),
('B2', 'BELAVIA'),
('B3', 'BHUTAN AIRLINES'),
('B4', 'BEOND'),
('B5', 'EAST AFRICAN SAFARI AIR'),
('B6', 'JETBLUE AIRWAYS'),
('B7', 'UNI AIRWAYS'),
('B8', 'ERITREAN AIRLINES'),
('B9', 'IRAN AIRTOUR'),
('BA', 'BRITISH AIRWAYS'),
('BB', 'SEABORNE AIRLINES'),
('BC', 'SKYMARK AIRLINES'),
('BD', 'CAMBODIA BAYON AIRLINES'),
('BE', 'FLYBE'),
('BF', 'FRENCH BEE'),
('BG', 'BIMAN BANGLADESH AIRLINE'),
('BH', 'UNDEFINED'),
('BI', 'ROYAL BRUNEI'),
('BJ', 'NOUVELAIR'),
('BK', 'OKAY AIRWAYS COMPANY LIMITED'),
('BL', 'PACIFIC AIRLINES'),
('BM', 'BAKHTAR AFGHAN AIRLINE'),
('BN', 'LUXWING LTD'),
('BO', 'UNDEFINED'),
('BP', 'AIR BOTSWANA'),
('BQ', 'SKYALPS SRL'),
('BR', 'EVA AIR'),
('BS', 'US BANGLA AIRLINES'),
('BT', 'AIR BALTIC'),
('BU', 'COMPAGNIE AFRICAINE D\'AVIATION'),
('BV', 'BLUE PANORAMA AIRLINES'),
('BW', 'CARIBBEAN AIRLINES'),
('BX', 'AIR BUSAN'),
('BY', 'TUI'),
('BZ', 'BLUE BIRD AIRWAYS'),
('C0', 'UNDEFINED'),
('C1', 'TECTIMES SUDAMERICA'),
('C2', 'CEIBA INTERCONTINENTAL'),
('C3', 'TRADE AIR'),
('C4', 'UNDEFINED'),
('C5', 'COMMUTEAIR'),
('C6', 'MFX MY FREIGHTER'),
('C7', 'CINNAMON AIR'),
('C8', 'CRONOS AIRLINES'),
('C9', 'CRONOS AIRLINES BENIN'),
('CA', 'AIR CHINA'),
('CB', 'TRANS CARIBBEAN AIR EXPORTIMPORT'),
('CC', 'CM AIRLINES'),
('CD', 'CORENDON DUTCH AIRLINES'),
('CE', 'CHALAIR AVIATION'),
('CF', 'UNDEFINED'),
('CG', 'AIRLINES PNG'),
('CH', 'UNDEFINED'),
('CI', 'CHINA AIRLINES LTD.'),
('CJ', 'BA CITYFLYER'),
('CK', 'UNDEFINED'),
('CL', 'LUFTHANSA CITYLINE'),
('CM', 'COPA AIRLINES'),
('CN', 'GRAND CHINA AIR'),
('CO', 'Undefined'),
('CP', 'COMPASS AIRLINES'),
('CQ', 'COASTAL TRAVELS'),
('CR', 'OAG WORLDWIDE'),
('CS', 'UNDEFINED'),
('CT', 'ALITALIA CITY LINER SPA'),
('CU', 'CUBANA DE AVIACION'),
('CV', 'UNDEFINED'),
('CW', 'SKYWEST CHARTER LLC'),
('CX', 'CATHAY PACIFIC'),
('CY', 'CYPRUS AIRWAYS'),
('CZ', 'CHINA SOUTHERN AIRLINES'),
('D0', 'UNDEFINED'),
('D1', 'AIR4 PASSENGER SERVICE SYSTEMS'),
('D2', 'SEVERSTAL AIRCOMPANY'),
('D3', 'DAALLO AIRLINES'),
('D4', 'AIRLINE GEO SKY'),
('D5', 'UNDEFINED'),
('D6', 'GECA'),
('D7', 'AIRASIAX SDN BHD'),
('D8', 'Norwegian Air Sweden AOC AB'),
('D9', 'DAALLO AIRLINES(SOMALIA)'),
('DA', 'UNDEFINED'),
('DB', 'UNDEFINED'),
('DC', 'BRAATHENS REG. AIRWAYS'),
('DD', 'NOK AIR'),
('DE', 'CONDOR'),
('DF', 'CONDOR BERLIN'),
('DG', 'CEBGO'),
('DH', 'UNDEFINED'),
('DI', 'NORWEGIAN AIR UK'),
('DJ', 'AIR DJIBOUTI'),
('DK', 'SUNCLASS AIRLINES'),
('DL', 'DELTA AIR LINES'),
('DM', 'ARAJET'),
('DN', 'NORWEGIAN AIR ARGENTINA'),
('DO', 'SKY HIGH AVIATION SERVICES'),
('DP', 'POBEDA AIRLINES'),
('DQ', 'ALEXANDRIA AIRLINES'),
('DR', 'RUILI AIRLINES'),
('DS', 'EASYJET SWITZERLAND'),
('DT', 'TAAG Angola Airlines'),
('DU', 'SKY JET M.G. INC.'),
('DV', 'JSC AIRCOMPANY SCAT'),
('DW', 'GREAT DANE AIRLINES'),
('DX', 'DAT'),
('DY', 'Norwegian Air Shuttle AOC AS'),
('DZ', 'DONGHAI AIRLINES'),
('E0', 'UNDEFINED'),
('E1', 'UNDEFINED'),
('E2', 'EUROWINGS EUROPE GMBH'),
('E3', 'Ego Airways'),
('E5', 'AIR ARABIA EGYPT'),
('E6', 'EUROWINGS EUROPE LTD'),
('E7', 'EQUAFLIGHT SERVICE'),
('E8', 'UNDEFINED'),
('E9', 'IBEROJET AIRLINES'),
('EA', 'EAST HORIZON AIRLINES'),
('EB', 'WAMOS AIR'),
('EC', 'UNDEFINED'),
('ED', 'AIR EXPLORE'),
('EE', 'XFLY'),
('EF', 'UNDEFINED'),
('EG', 'UNDEFINED'),
('EH', 'ANA WINGS'),
('EI', 'AER LINGUS'),
('EJ', 'UNDEFINED'),
('EK', 'EMIRATES'),
('EL', 'ELLINAIR'),
('EM', 'UNDEFINED'),
('EN', 'AIR DOLOMITI'),
('EO', 'PEGAS FLY'),
('EP', 'IRAN ASEMAN AIRLINES'),
('EQ', 'FLY ANGOLA'),
('ER', 'SERENE AIR'),
('ES', 'ESTELAR'),
('ET', 'ETHIOPIAN AIRLINES'),
('EU', 'CHENGDU AIRLINES'),
('EV', 'EXPRESSJET AIRLINES'),
('EW', 'EUROWINGS'),
('EX', 'REGIONAL EXPRESS AMERICAS'),
('EY', 'ETIHAD AIRWAYS'),
('EZ', 'SUN AIR OF SCANDINAVIA'),
('F0', 'UNDEFINED'),
('F1', 'FARELOGIX'),
('F2', 'SAFARILINK AVIATION'),
('F3', 'FLYADEAL'),
('F4', 'AIR FLAMENCO'),
('F5', 'UNDEFINED'),
('F6', 'FLY2SKY'),
('F7', 'I FLY'),
('F8', 'FLAIR AIRLINES'),
('F9', 'FRONTIER AIRLINES'),
('FA', 'SAFAIR'),
('FB', 'BULGARIA AIR'),
('FC', 'LINK AIRWAYS FLY FC'),
('FD', 'THAI AIRASIA'),
('FE', 'SEVEN FOUR EIGHT AIR SERVICES'),
('FF', 'UNDEFINED'),
('FG', 'ARIANA AFGHAN AIRLINES'),
('FH', 'FREEBIRD AIRLINES'),
('FI', 'ICELANDAIR'),
('FJ', 'FIJI AIRWAYS'),
('FK', 'UNDEFINED'),
('FL', 'AIR LEAP AVIATION'),
('FM', 'SHANGHAI AIRLINES'),
('FN', 'FASTJET ZIMBABWE'),
('FO', 'UNDEFINED'),
('FP', 'FLYPELICAN'),
('FQ', 'UNDEFINED'),
('FR', 'RYANAIR'),
('FS', 'FLYR'),
('FT', 'FLYEGYPT'),
('FU', 'FUZHOU AIRLINES'),
('FV', 'ROSSIYA AIRLINES'),
('FW', 'IBEX AIRLINES'),
('FX', 'UNDEFINED'),
('FY', 'FLYFIREFLY'),
('FZ', 'FLYDUBAI'),
('G0', 'UNDEFINED'),
('G1', 'UNDEFINED'),
('G2', 'GULLIVAIR'),
('G3', 'GOL LINHAS AEREAS S/A'),
('G4', 'ALLEGIANT AIR'),
('G5', 'CHINA EXPRESS AIRLINES'),
('G6', 'FLY ARNA'),
('G7', 'GOJET AIRLINES'),
('G8', 'GO FIRST'),
('G9', 'AIR ARABIA'),
('GA', 'GARUDA INDONESIA'),
('GB', 'UNDEFINED'),
('GC', 'UNDEFINED'),
('GD', 'AVIAIR'),
('GE', 'GLOBAL AVIATION OPERATIONS'),
('GF', 'GULF AIR'),
('GG', 'UNDEFINED'),
('GH', 'GLOBUS LLC'),
('GI', 'UNDEFINED'),
('GJ', 'ZHEJIANG LOONG AIRLINES'),
('GK', 'JETSTAR JAPAN'),
('GL', 'AIR GREENLAND'),
('GM', 'CHAIR AIRLINES'),
('GN', 'UNDEFINED'),
('GO', 'UNDEFINED'),
('GP', 'APG AIRLINES'),
('GQ', 'SKY EXPRESS'),
('GR', 'AURIGNY AIR SERVICES'),
('GS', 'TIANJIN AIRLINES'),
('GT', 'AIR GUILIN'),
('GU', 'AVIATECA'),
('GV', 'GRANT AVIATION'),
('GW', 'COSTA RICA GREEN AIRWAYS'),
('GX', 'GX AIRLINES'),
('GY', 'COLORFUL GUIZHOU AIRLINE'),
('GZ', 'AIR RAROTONGA'),
('H0', 'UNDEFINED'),
('H1', 'HAHN AIR SYSTEMS'),
('H2', 'SKY AIRLINE'),
('H3', 'HELLO JETS S.R.L'),
('H4', 'HISKY EUROPE SRL'),
('H5', 'UNDEFINED'),
('H6', 'UNDEFINED'),
('H7', 'HISKY'),
('H8', 'FLY AIRLINE PERU'),
('H9', 'HIMALAYA AIRLINES'),
('HA', 'HAWAIIAN AIRLINES'),
('HB', 'GREATER BAY AIRLINES'),
('HC', 'AIR SENEGAL'),
('HD', 'AIRDO'),
('HE', 'BAR AVIATION LIMITED'),
('HF', 'AIR COTE D IVOIRE'),
('HG', 'HALA AIR'),
('HH', 'QANOT SHARQ'),
('HI', 'PAPILLON AIRWAYS'),
('HJ', 'HELLAS JET'),
('HK', 'SKIPPERS AVIATION PTY'),
('HL', 'UNDEFINED'),
('HM', 'AIR SEYCHELLES'),
('HN', 'EQUINOXAIR'),
('HO', 'JUNEYAO AIRLINES'),
('HP', 'AMAPOLA FLYG AB'),
('HQ', 'UNDEFINED'),
('HR', 'HAHN AIR'),
('HS', 'HELI SECURITE'),
('HT', 'UNDEFINED'),
('HU', 'HAINAN AIRLINES'),
('HV', 'TRANSAVIA AIRLINES'),
('HW', 'NORTH WRIGHT AIR'),
('HX', 'HONG KONG AIRLINES'),
('HY', 'UZBEKISTAN AIRWAYS'),
('HZ', 'AURORA AIRLINES'),
('I0', 'UNDEFINED'),
('I1', 'CTS VIAGGI'),
('I2', 'IBERIA EXPRESS'),
('I3', 'ATA AIRLINES'),
('I4', 'ISLAND AIR EXPRESS'),
('I5', 'AIRASIA INDIA'),
('I6', 'IRYO'),
('I7', 'INDIAONE AIR'),
('I8', 'IZHAVIA'),
('I9', 'UNDEFINED'),
('IA', 'Iraqi Airways'),
('IB', 'IBERIA'),
('IC', 'UNDEFINED'),
('ID', 'BATIK AIR INDONESIA'),
('IE', 'SOLOMON AIRLINES'),
('IF', 'FBA'),
('IG', 'UNDEFINED'),
('IH', 'SOUTHERN SKY AIRLINES JSC'),
('II', 'UNDEFINED'),
('IJ', 'SPRING JAPAN'),
('IK', 'AIR KIRIBATI'),
('IL', 'PT.TRIGANA AIR SERVICE'),
('IM', 'UNDEFINED'),
('IN', 'NAM AIR'),
('IO', 'IrAero'),
('IP', 'PELITA AIR SERVICE'),
('IQ', 'QAZAQ AIR'),
('IR', 'IRAN AIR'),
('IS', 'SEPEHRAN AIRLINES'),
('IT', 'TIGERAIR TAIWAN'),
('IU', 'PT. SUPER AIR JET'),
('IV', 'GP AVIATION'),
('IW', 'PT WINGS ABADI AIRLINES'),
('IX', 'AIR INDIA CHARTERS LIMITED'),
('IY', 'YEMEN AIRWAYS'),
('IZ', 'ARKIA'),
('J0', 'UNDEFINED'),
('J1', 'UNDEFINED'),
('J2', 'AZERBAIJAN AIRLINES'),
('J3', 'NORTHWESTERN AIR LEASE'),
('J4', 'BADR AIRLINES'),
('J5', 'ALASKA SEAPLANE SERVICE'),
('J6', 'UNDEFINED'),
('J7', 'AFRIJET BUSINESS SERVICE'),
('J8', 'BERJAYA AIR'),
('J9', 'JAZEERA AIRWAYS'),
('JA', 'JETSMART SPA'),
('JB', 'UNDEFINED'),
('JC', 'JAPAN AIR COMMUTER'),
('JD', 'BEIJING CAPITAL AIRLINES'),
('JE', 'MANGO'),
('JF', 'OTT AIRLINES'),
('JG', 'UNDEFINED'),
('JH', 'FUJI DREAM AIRLINES'),
('JI', 'ARMENIAN AIRLINES'),
('JJ', 'LATAM AIRLINES BRASIL'),
('JK', 'UNDEFINED'),
('JL', 'JAPAN AIRLINES'),
('JM', 'JAMBOJET'),
('JN', 'ALASKA AIR TRANSIT'),
('JO', 'UNDEFINED'),
('JP', 'ADRIA AIRWAYS'),
('JQ', 'JETSTAR'),
('JR', 'JOY AIR'),
('JS', 'AIR KORYO'),
('JT', 'LION AIRLINES'),
('JU', 'AIR SERBIA'),
('JV', 'BEARSKIN AIRLINES'),
('JW', 'VANILLA AIR'),
('JX', 'STARLUX AIRLINES'),
('JY', 'INTERCARIBBEAN AIRWAYS'),
('JZ', 'Jetsmart Airlines Peru'),
('K0', 'UNDEFINED'),
('K1', 'UNDEFINED'),
('K2', 'PAKLOOK AIR'),
('K3', 'SAFE AIR'),
('K4', 'UNDEFINED'),
('K5', 'UNDEFINED'),
('K6', 'CAMBODIA ANGKOR AIR'),
('K7', 'AIR KBZ'),
('K8', 'UNDEFINED'),
('K9', 'UNDEFINED'),
('KA', 'AERO NOMAD AIRLINES'),
('KB', 'DRUK AIR'),
('KC', 'JSC AIR ASTANA'),
('KD', 'ASIA ATLANTIC'),
('KE', 'KOREAN AIR'),
('KF', 'AIR BELGIUM'),
('KG', 'KEY LIME AIR CORPORATION'),
('KI', 'SKS AIRWAYS'),
('KJ', 'AIR INCHEON'),
('KK', 'ATLASJET AIRLINES'),
('KL', 'KLM ROYAL DUTCH AIRLINES'),
('KM', 'AIR MALTA'),
('KN', 'CHINA UNITED AIRLINES'),
('KO', 'OJSC KOMIAVIATRANS'),
('KP', 'ASKY'),
('KQ', 'KENYA AIRWAYS'),
('KR', 'CAMBODIA AIRWAYS'),
('KS', 'Air Connect'),
('KT', 'MAHOGANY AIR'),
('KU', 'KUWAIT AIRWAYS'),
('KV', 'KRASAVIA'),
('KW', 'KENAI AVIATION'),
('KX', 'CAYMAN AIRWAYS'),
('KY', 'Kunming Airlines'),
('KZ', 'UNDEFINED'),
('L0', 'UNDEFINED'),
('L1', 'CLH2'),
('L2', 'UNDEFINED'),
('L3', 'UNDEFINED'),
('L4', 'GRUPO LASA'),
('L5', 'RED AIR SRL'),
('L6', 'MAURITANIA AIRLINES'),
('L7', 'UNDEFINED'),
('L8', 'LULUTAI AIRLINES'),
('L9', 'LUMIWINGS'),
('LA', 'LATAM AIRLINES GROUP'),
('LB', 'LEPL'),
('LC', 'AEROTAXI LA COSTENA'),
('LD', 'UNDEFINED'),
('LE', 'NORWEGIAN AIR SWEDEN AB'),
('LF', 'CONTOUR AIRLINES'),
('LG', 'LUXAIR'),
('LH', 'LUFTHANSA'),
('LI', 'LIAT'),
('LJ', 'JIN AIR'),
('LK', 'LAO SKYWAY'),
('LL', 'CHINA GENERAL AVIATION'),
('LM', 'LOGANAIR'),
('LN', 'LIBYAN AIRLINES'),
('LO', 'LOT POLISH AIRLINES'),
('LP', 'LATAM AIRLINES PERU'),
('LQ', 'LANMEI AIRLINES'),
('LR', 'AVIANCA COSTA RICA SA'),
('LS', 'JET2.COM'),
('LT', 'LONGJIANG AIRLINES'),
('LU', 'LATAM AIRLINES CHILE'),
('LV', 'AIRCOMPANY AIRZENA'),
('LW', 'LAUDA EUROPE'),
('LX', 'SWISS INTERNATIONAL AIR LINES'),
('LY', 'EL AL'),
('LZ', 'AIR LINK'),
('M0', 'AEROMONGOLIA'),
('M1', 'UNDEFINED'),
('M2', 'MHS AVIATION'),
('M3', 'Undefined'),
('M4', 'MISTRAL AIR'),
('M5', 'KENMORE AIR'),
('M6', 'UNDEFINED'),
('M7', 'UNDEFINED'),
('M8', 'SKYJET'),
('M9', 'MOTOR-SICH JSC'),
('MA', 'UNDEFINED'),
('MC', 'UNDEFINED'),
('MD', 'AIR MADAGASCAR'),
('ME', 'MIDDLE EAST AIRLINES'),
('MF', 'XIAMEN AIRLINES'),
('MG', 'EZNIS AIRWAYS'),
('MH', 'MALAYSIA AIRLINES'),
('MI', 'SILKAIR'),
('MJ', 'MYWAY AIRLINES'),
('MK', 'AIR MAURITIUS'),
('ML', 'SKY MALI'),
('MM', 'PEACH AVIATION'),
('MN', 'COMAIR LTD'),
('MO', 'CALM AIR INTERNATIONAL'),
('MP', 'UNDEFINED'),
('MQ', 'ENVOY AIR'),
('MR', 'HUNNU AIR'),
('MS', 'EGYPTAIR'),
('MT', 'THOMAS COOK AIRLINES'),
('MU', 'CHINA EASTERN AIRLINES'),
('MV', 'AIR MEDITERRANEAN'),
('MW', 'Connect Airlines'),
('MX', 'BREEZE AIRWAYS'),
('MY', 'MASWINGS'),
('MZ', 'AMAKUSA AIRLINES'),
('N0', 'NORSE ATLANTIC AIRWAYS'),
('N1', 'DARWIN TRAVEL TECHNOLOGY'),
('N2', 'AERO CONTRACTORS NIGERIA'),
('N3', 'VUELA EL SALVADOR'),
('N4', 'NORD WIND'),
('N5', 'LES INVESTISSEMENTS NOLINOR'),
('N6', 'UNDEFINED'),
('N7', 'UNDEFINED'),
('N8', 'NATIONAL AIRLINES'),
('N9', 'SHREE AIRLINES'),
('NA', 'NESMA AIRLINES'),
('NB', 'BERNIQ AIRWAYS'),
('NC', 'NATIONAL JET SYSTEMS'),
('ND', 'NORDICA'),
('NE', 'NESMA AIRLINES'),
('NF', 'AIR VANUATU'),
('NG', 'NOVAIR'),
('NH', 'ALL NIPPON AIRWAYS'),
('NI', 'PORTUGALIA'),
('NJ', 'GHADAMES AIR TRANSPORT'),
('NK', 'SPIRIT AIRLINES'),
('NL', 'Amelia International'),
('NM', 'UNDEFINED'),
('NN', 'UNDEFINED'),
('NO', 'NEOS SPA'),
('NP', 'NILE AIR'),
('NQ', 'AIR JAPAN COMPANY LTD'),
('NR', 'MANTA AVIATION'),
('NS', 'HEBEI AIRLINES'),
('NT', 'BINTER CANARIAS'),
('NU', 'JAPAN TRANSOCEAN AIR'),
('NV', 'KARUN AIRLINES'),
('NW', 'UNDEFINED'),
('NX', 'AIR MACAU'),
('NY', 'FLUGFELAG ISLANDS EHF'),
('NZ', 'AIR NEW ZEALAND'),
('O0', 'UNDEFINED'),
('O1', 'UNDEFINED'),
('O2', 'LINEAR AIR'),
('O3', 'UNDEFINED'),
('O4', 'ORANGE2FLY AIRLINES'),
('O5', 'UNDEFINED'),
('O6', 'AVIANCA BRASIL'),
('O7', 'OMNI-BLU'),
('O8', 'MARATHON AIRLINES'),
('O9', 'NOVA AIRLINES'),
('OA', 'OLYMPIC AIR'),
('OB', 'BOLIVIANA DE AVIACION'),
('OC', 'ORIENTAL AIR BRIDGE'),
('OD', 'BATIK AIR MALAYSIA'),
('OE', 'LAUDAMOTION'),
('OF', 'UNDEFINED'),
('OG', 'FLY PLAY'),
('OH', 'PSA AIRLINES'),
('OI', 'HINTERLAND AVIATION'),
('OJ', 'NYXAIR'),
('OK', 'CZECH AIRLINES'),
('OL', 'SAMOA AIRWAYS'),
('OM', 'MIAT MONGOLIAN AIRLINES'),
('ON', 'NAURU AIRLINES'),
('OO', 'SKYWEST AIRLINES'),
('OP', 'DAC INTERNATIONAL AIRLINES'),
('OQ', 'CHONGQING AIRLINES'),
('OR', 'TUIFLY NETHERLANDS'),
('OS', 'AUSTRIAN AIRLINES'),
('OT', 'TCHADIA AIRLINES'),
('OU', 'CROATIA AIRLINES'),
('OV', 'SALAM AIR'),
('OW', 'SKYWARD EXPRESS'),
('OX', 'LATTITUDE HUB (ONE AIRWAYS)'),
('OY', 'UNDEFINED'),
('OZ', 'ASIANA AIRLINES'),
('P0', 'PROFLIGHT ZAMBIA'),
('P1', 'PUBLICCHARTERS.COM'),
('P2', 'AIRKENYA EXPRESS'),
('P3', 'PORTER AIRLINES INC'),
('P4', 'AIR PEACE LIMITED'),
('P5', 'AERO REPUBLICA'),
('P6', 'PASCAN'),
('P7', 'UNDEFINED'),
('P8', 'SPRINTAIR'),
('P9', 'PERUVIAN AIR LINE'),
('PA', 'AIRBLUE'),
('PB', 'PAL AIRLINES'),
('PC', 'PEGASUS AIRLINES'),
('PD', 'PORTER AIRLINES CANADA LTD'),
('PE', 'PEOPLES'),
('PF', 'AIR SIAL LIMITED'),
('PG', 'BANGKOK AIRWAYS'),
('PH', 'PIONAIR AUSTRALIA'),
('PI', 'POLAR AIRLINES'),
('PJ', 'AIR SAINT PIERRE'),
('PK', 'PAKISTAN INTERNATIONAL'),
('PL', 'SOUTHERN AIR CHARTER'),
('PM', 'Canaryfly'),
('PN', 'WEST AIR'),
('PO', 'UNDEFINED'),
('PP', 'UNDEFINED'),
('PQ', 'SKYUP AIRLINES'),
('PR', 'PHILIPPINE AIRLINES'),
('PS', 'UIA'),
('PT', 'PIEDMONT AIRLINES'),
('PU', 'PLUS ULTRA LINEAS AEREAS'),
('PV', 'SAINT BARTH COMMUTER'),
('PW', 'PRECISION AIR'),
('PX', 'AIR NIUGINI'),
('PY', 'SURINAM AIRWAYS'),
('PZ', 'LATAM AIRLINES PARAGUAY'),
('Q0', 'UNDEFINED'),
('Q1', 'SQIVA SISTEM'),
('Q2', 'ISLAND AVIATION SERVICES'),
('Q3', 'ANGUILLA AIR SERVICES'),
('Q4', 'EUROAIRLINES'),
('Q5', 'FORTY MILE AIR'),
('Q6', 'VOLARIS COSTA RICA'),
('Q7', 'UNDEFINED'),
('Q8', 'TRANS AIR CONGO'),
('Q9', 'GREEN AFRICA AIRWAYS'),
('QA', 'UNDEFINED'),
('QB', 'QESHM AIR'),
('QC', 'CAMAIR-CO'),
('QD', 'JC CAMBODIA INTL AIRLINES'),
('QE', 'UNDEFINED'),
('QF', 'QANTAS AIRWAYS'),
('QG', 'CITILINK'),
('QH', 'BAMBOO AIRWAYS'),
('QI', 'IBOM AIRLINES'),
('QJ', 'UNDEFINED'),
('QK', 'JAZZ AVIATION'),
('QL', 'LINEA AEREA DE SERVICIO'),
('QM', 'MONACAIR'),
('QN', 'AIR ARMENIA'),
('QO', 'UNDEFINED'),
('QP', 'AKASA AIR'),
('QQ', 'ALLIANCE AIRLINES'),
('QR', 'QATAR AIRWAYS'),
('QS', 'SMARTWINGS'),
('QT', 'UNDEFINED'),
('QU', 'AIRLINE UTAIR UKRAINE'),
('QV', 'LAO AIRLINES'),
('QW', 'QINGDAO AIRLINES'),
('QX', 'HORIZON AIR'),
('QY', 'UNDEFINED'),
('QZ', 'AIRASIA INDONESIA'),
('R0', 'UNDEFINED'),
('R1', 'UNDEFINED'),
('R2', 'TRANSAIR SENEGAL'),
('R3', 'JSC AIRCOMPANY YAKUTIA'),
('R4', 'UNDEFINED'),
('R5', 'JORDAN AVIATION'),
('R6', 'DAT'),
('R7', 'UNDEFINED'),
('R8', 'RIMA RIO MADEIRA AVIACAO'),
('R9', 'UNDEFINED'),
('RA', 'NEPAL AIRLINES'),
('RB', 'SYRIAN ARAB AIRLINES'),
('RC', 'ATLANTIC AIRWAYS'),
('RD', 'SKY CANA'),
('RE', 'UNDEFINED'),
('RF', 'AERO K AIRLINES'),
('RG', 'ROTANA JET'),
('RH', 'UNDEFINED'),
('RI', 'MANDALA AIRLINES'),
('RJ', 'ROYAL JORDANIAN'),
('RK', 'RYANAIR UK'),
('RL', 'ROYAL FLIGHT AIRLINES'),
('RM', 'AIRCOMPANY ARMENIA'),
('RN', 'ESWATINI AIR'),
('RO', 'TAROM'),
('RP', 'BUDAPEST AIRCRAFT SERVICE'),
('RQ', 'KAM AIR'),
('RR', 'ROYAL AIR FORCE'),
('RS', 'AIR SEOUL'),
('RT', 'JSC UVT AERO'),
('RU', 'UNDEFINED'),
('RV', 'AIR CANADA ROUGE'),
('RW', 'ROYAL AIR'),
('RX', 'REGENT AIRWAYS'),
('RY', 'JIANGXI AIR'),
('RZ', 'SANSA'),
('S0', 'AEROLINEAS SOSA S.A. DE C.V.'),
('S1', 'LUFTHANSA SYSTEMS'),
('S3', 'UNDEFINED'),
('S4', 'AZORES AIRLINES'),
('S5', 'UNDEFINED'),
('S6', 'SUNRISE AIRWAYS'),
('S7', 'SIBERIA AIRLINES'),
('S8', 'SOUNDS AIR'),
('S9', 'FLY BIG'),
('SA', 'SOUTH AFRICAN AIRWAYS'),
('SB', 'AIRCALIN'),
('SC', 'SHANDONG AIRLINES'),
('SD', 'SUDAN AIRWAYS'),
('SE', 'XL AIRWAYS FRANCE'),
('SF', 'TASSILI AIRLINES'),
('SG', 'SPICEJET'),
('SH', 'SHARP AVIATION'),
('SI', 'BLUE ISLANDS'),
('SJ', 'SRIWIJAYA AIR'),
('SK', 'SCANDINAVIAN AIRLINES'),
('SL', 'THAI LION AIR'),
('SM', 'AIR CAIRO'),
('SN', 'BRUSSELS AIRLINES'),
('SO', 'SUN AIR AVIATION'),
('SP', 'SATA AIR ACORES'),
('SQ', 'SINGAPORE AIRLINES'),
('SR', 'SUNDAIR'),
('SS', 'CORSAIR'),
('ST', 'GERMANIA'),
('SU', 'AEROFLOT'),
('SV', 'SAUDI ARABIAN AIRLINES'),
('SW', 'AIR NAMIBIA'),
('SX', 'FLYGTA'),
('SY', 'SUN COUNTRY'),
('SZ', 'SOMON AIR'),
('T0', 'AVIANCA PERU S.A.'),
('T1', 'AVTRASOFT LIMITED'),
('T2', 'UNDEFINED'),
('T3', 'EASTERN AIRWAYS'),
('T4', 'TRIP'),
('T5', 'TURKMENISTAN AIRLINES'),
('T6', 'AIRSWIFT'),
('T7', 'TWIN JET'),
('T8', 'UNDEFINED'),
('T9', 'TURPIAL AIRLINES'),
('TA', 'TACA INTERNATIONAL AIRLINES'),
('TB', 'JETAIRFLY'),
('TC', 'AIR TANZANIA'),
('TD', 'AIRCOMPANY TBILISI AIRWAYS'),
('TE', 'UNDEFINED'),
('TF', 'BRAATHENS REGIONAL AIRWAYS AB'),
('TG', 'THAI AIRWAYS INTERNATIONAL'),
('TH', 'UNDEFINED'),
('TI', 'TROPIC OCEAN AIRWAYS'),
('TJ', 'TRADEWIND AVIATION'),
('TK', 'TURKISH AIRLINES'),
('TL', 'AIRNORTH'),
('TM', 'LAM MOZAMBIQUE'),
('TN', 'AIR TAHITI NUI'),
('TO', 'TRANSAVIA FRANCE'),
('TP', 'TAP PORTUGAL'),
('TQ', 'TAILWIND AIR LLC'),
('TR', 'SCOOT'),
('TS', 'AIR TRANSAT'),
('TT', 'TIGER AIRWAYS AUSTRALIA'),
('TU', 'TUNISAIR'),
('TV', 'TIBET AIRLINES'),
('TW', 'TWAY AIR'),
('TX', 'AIR CARAIBES'),
('TY', 'AIR CALEDONIE'),
('TZ', 'TSARADIA'),
('U0', 'ULTRA AIR S.A.S'),
('U1', 'VIDECOM INTERNATIONAL'),
('U2', 'EASYJET'),
('U3', 'UNDEFINED'),
('U4', 'BUDDHA AIR'),
('U5', 'UNDEFINED'),
('U6', 'URAL AIRLINES'),
('U7', 'UNDEFINED'),
('U8', 'TUS AIRWAYS'),
('U9', 'UNDEFINED'),
('UA', 'UNITED AIRLINES'),
('UB', 'MYANMAR NATIONAL AIRLINES'),
('UC', 'UNDEFINED'),
('UD', 'UBD'),
('UE', 'ULTIMATE AIR SHUTTLE'),
('UF', 'PETROLEUM AIR SERVICES'),
('UG', 'TUNISAIR EXPRESS'),
('UH', 'ATLASJET UKRAINE'),
('UI', 'AURIC AIR SERVICES'),
('UJ', 'AL MASRIA UNIVERSAL AIRLINES'),
('UK', 'VISTARA'),
('UL', 'SRILANKAN AIRLINES'),
('UM', 'AIR ZIMBABWE'),
('UN', 'UNDEFINED'),
('UO', 'HONG KONG EXPRESS AIRWAYS'),
('UP', 'BAHAMASAIR'),
('UQ', 'URUMQI AIRLINES'),
('UR', 'UGANDA AIRLINES'),
('US', 'UNDEFINED'),
('UT', 'UTAIR AVIATION JSC'),
('UU', 'AIR AUSTRAL'),
('UV', 'UNDEFINED'),
('UW', 'UNDEFINED'),
('UX', 'AIR EUROPA'),
('UY', 'AIR CAUCASUS'),
('UZ', 'BURAQ AIR'),
('V0', 'CONVIASA'),
('V1', 'IBS SOFTWARE SERVICES AMERICAS'),
('V2', 'UNDEFINED'),
('V3', 'CARPATAIR'),
('V4', 'VIEQUES AIR'),
('V5', 'AEROVIAS DAP'),
('V6', 'UNDEFINED'),
('V7', 'VOLOTEA'),
('V8', 'ILIAMNA AIR'),
('V9', 'VAN AIR EUROPE'),
('VA', 'VIRGIN AUSTRALIA INTL'),
('VB', 'VIVA AEROBUS'),
('VC', 'STERLING-ALEUTIAN AIRWAYS'),
('VD', 'UNDEFINED'),
('VE', 'EASYFLY S.A.'),
('VF', 'VALUAIR'),
('VG', 'VIPPER.COM'),
('VH', 'VIVA AIR'),
('VI', 'UNDEFINED'),
('VJ', 'VIETJET AVIATION'),
('VK', 'VALUEJET'),
('VL', 'CITY AIRLINES'),
('VM', 'MAX AIR LIMITED'),
('VN', 'VIETNAM AIRLINES'),
('VO', 'VLM AIRLINES D.D'),
('VP', 'VILLA AIR'),
('VQ', 'NOVOAIR'),
('VR', 'TACV CABO VERDE AIRLINES'),
('VS', 'VIRGIN ATLANTIC'),
('VT', 'AIR TAHITI'),
('VU', 'VIETRAVEL AIRLINES'),
('VV', 'Viva Peru'),
('VW', 'AEROMAR'),
('VX', 'VIRGIN AMERICA'),
('VY', 'VUELING AIRLINES'),
('VZ', 'THAI VIETJET AIR'),
('W0', 'UNDEFINED'),
('W1', 'WORLD TICKET LTD'),
('W2', 'FLEXFLIGHT'),
('W3', 'ARIK AIR LIMITED'),
('W4', 'WIZZ AIR MALTA'),
('W5', 'MAHAN AIR'),
('W6', 'WIZZ AIR HUNGARY'),
('W7', 'MAKERS AIR'),
('W8', 'UNDEFINED'),
('W9', 'WIZZ AIR UK'),
('WA', 'KLM CITYHOPPER'),
('WB', 'RWANDAIR'),
('WC', 'MEREGRASS'),
('WD', 'UNDEFINED'),
('WE', 'THAI SMILE AIRWAYS'),
('WF', 'WIDEROE'),
('WG', 'SUNWING AIRLINES INC.'),
('WH', 'UNDEFINED'),
('WI', 'WHITE AIRWAYS S.A.'),
('WJ', 'JETSMART AIRLINES'),
('WK', 'EDELWEISS AIR'),
('WL', 'UNDEFINED'),
('WM', 'WINDWARD ISLAND AIRWAYS'),
('WN', 'SOUTHWEST AIRLINES TEXAS'),
('WO', 'SWOOP'),
('WP', 'WASAYA AIRWAYS'),
('WQ', 'SWIFT AIR'),
('WR', 'WESTJET ENCORE LTD'),
('WS', 'WESTJET'),
('WT', 'UEPFLY (SWIFTAIR)'),
('WU', 'WESTERN AIR'),
('WV', 'WESTAIR AVIATION'),
('WW', 'RUTAS AEREAS DE VENEZUELA RAV'),
('WX', 'CITYJET'),
('WY', 'OMAN AIR'),
('WZ', 'RED WINGS AIRLINES'),
('X0', 'UNDEFINED'),
('X1', 'HAHN AIR TECHNOLOGIES'),
('X2', 'UNDEFINED'),
('X3', 'TUIFLY'),
('X4', 'AIR EXCURSIONS'),
('X5', 'UNDEFINED'),
('X6', 'AIRLINES REPORTING CORP.'),
('X7', 'UNDEFINED'),
('X8', 'UNDEFINED'),
('X9', 'AVION EXPRESS'),
('XA', 'UNDEFINED'),
('XB', 'IATA'),
('XC', 'CORENDON AIRLINES'),
('XD', 'ARC'),
('XE', 'UNDEFINED'),
('XF', 'MONGOLIAN AIRWAYS CARGO'),
('XG', 'UNDEFINED'),
('XH', 'UNDEFINED'),
('XI', 'UNDEFINED'),
('XJ', 'THAI AIRASIA X COMPANY'),
('XK', 'AIR CORSICA'),
('XL', 'LATAM AIRLINES ECUADOR'),
('XM', 'Zimex Aviation Ltd'),
('XN', 'TRAVEL EXPRESS AVIATION'),
('XO', 'SEAIR'),
('XP', 'AVELO AIRLINES'),
('XQ', 'SUNEXPRESS'),
('XR', 'CORENDON AIRLINES EUROPE'),
('XS', 'SITA'),
('XT', 'LLC GLOBUS'),
('XU', 'AFRICAN EXPRESS AIRWAYS'),
('XV', 'UNDEFINED'),
('XW', 'UNDEFINED'),
('XX', 'GENERAL AVIATION'),
('XY', 'FLYNAS'),
('XZ', 'AEROITALIA SRL'),
('Y0', 'UNDEFINED'),
('Y1', 'TRAVEL TECHNOLOGY INTERACTIVE'),
('Y2', 'AIR CENTURY'),
('Y3', 'SYPHAX AIRLINES S A'),
('Y4', 'VOLARIS'),
('Y5', 'GOLDEN MYANMAR AIRLINES'),
('Y6', 'AB AVIATION'),
('Y7', 'JSC AIRLINE TAIMYR'),
('Y8', 'SUPARNA AIRLINES'),
('Y9', 'KISH AIRLINES'),
('YA', 'NEGO AIRLINE ONE'),
('YB', 'HARBOUR AIR'),
('YC', 'YAMAL AIRLINES'),
('YD', 'UNDEFINED'),
('YE', 'YAN AIR'),
('YF', 'UNDEFINED'),
('YG', 'UNDEFINED'),
('YH', 'UNDEFINED'),
('YI', 'FLY OYA'),
('YJ', 'ASIAN WINGS'),
('YK', 'AVIA TRAFFIC COMPANY'),
('YL', 'LIBYAN WINGS AIRLINE'),
('YM', 'MONTENEGRO AIRLINES'),
('YN', 'AIR CREEBEC'),
('YO', 'HELI AIR MONACO'),
('YP', 'AIR PREMIA'),
('YQ', 'TAR'),
('YR', 'SCENIC AIRLINES'),
('YS', 'FLIGHTLINK'),
('YT', 'YETI AIRLINES'),
('YU', 'EUROATLANTIC AIRWAYS'),
('YV', 'MESA AIRLINES'),
('YW', 'AIR NOSTRUM'),
('YX', 'REPUBLIC AIRWAYS'),
('YZ', 'UNDEFINED'),
('Z0', 'NORSE ATLANTIC UK'),
('Z1', 'UNDEFINED'),
('Z2', 'PHILIPPINES AIRASIA'),
('Z3', 'BIDZY TA HOT AANA CORPORATION'),
('Z4', 'UNDEFINED'),
('Z5', 'UNDEFINED'),
('Z6', 'UNDEFINED'),
('Z7', 'AMASZONAS URUGUAY'),
('Z8', 'AMASZONAS S.A.'),
('Z9', 'MYAIRLINE SDN.BHD'),
('ZA', 'SKY ANGKOR AIRLINES'),
('ZB', 'AIR ALBANIA'),
('ZC', 'FLYAFRICA ZIMBABWE'),
('ZD', 'EWA AIR'),
('ZE', 'EASTAR JET'),
('ZF', 'AZUR AIR'),
('ZG', 'ZIPAIR TOKYO'),
('ZH', 'SHENZHEN AIRLINES'),
('ZI', 'UNDEFINED'),
('ZJ', 'UNDEFINED'),
('ZK', 'UNDEFINED'),
('ZL', 'REGIONAL EXPRESS'),
('ZM', 'AIR MANAS AIR COMPANY LLC'),
('ZN', 'ZAMBIA AIRWAYS'),
('ZO', 'ZAGROS AIRLINES'),
('ZP', 'PARANAIR'),
('ZQ', 'GERMAN AIRWAYS'),
('ZR', 'UNDEFINED'),
('ZS', 'UNDEFINED'),
('ZT', 'UNDEFINED'),
('ZU', 'ETHIOPIAN MOZAMBIQUE'),
('ZV', 'AEROTRANSPORTES RAFILHER'),
('ZW', 'AIR WISCONSIN'),
('ZX', 'PIVOT AIRLINES'),
('ZY', 'SKY AIRLINES'),
('ZZ', 'AIRLINE SERVICE');

-- --------------------------------------------------------

--
-- Structure de la table `app_reservation_hotel`
--

CREATE TABLE `app_reservation_hotel` (
  `id_hotel` varchar(10) COLLATE utf8mb4_general_ci NOT NULL,
  `nom` varchar(255) COLLATE utf8mb4_general_ci NOT NULL,
  `code_pays` varchar(255) COLLATE utf8mb4_general_ci NOT NULL
) ENGINE=InnoDB DEFAULT CHARSET=utf8mb4 COLLATE=utf8mb4_general_ci;

--
-- Déchargement des données de la table `app_reservation_hotel`
--

INSERT INTO `app_reservation_hotel` (`id_hotel`, `nom`, `code_pays`) VALUES
('FGDKRLDN', 'LODGE DU DELTA NIOMINKA-ILE DE DIONEWAR', 'SN'),
('HSDKRAAL', 'HOTEL DU PHARE LES MAMELLES - GUESTHOUSE', 'SN'),
('IQDKRTER', 'TERROU-BI HOTEL CASINO MARINA', 'SN'),
('RDDKR117', 'RADISSON BLU DAKAR', 'SN'),
('TYDKRRAC', 'HOTEL LA VILLA RACINE', 'SN'),
('TYDKRRHI', 'THE RHINO HOTEL RESORT & SPA', 'SN'),
('WKDKR563', 'HOTEL JARDIN SAVANA DAKAR', 'SN');

-- --------------------------------------------------------

--
-- Structure de la table `app_reservation_location_voiture`
--

CREATE TABLE `app_reservation_location_voiture` (
  `id` bigint NOT NULL,
  `date_reservation` datetime(6) NOT NULL,
  `date_restitution` datetime(6) NOT NULL,
  `utilisateur_id` bigint NOT NULL,
  `voiture_id` bigint NOT NULL
) ENGINE=InnoDB DEFAULT CHARSET=utf8mb4 COLLATE=utf8mb4_general_ci;

--
-- Déchargement des données de la table `app_reservation_location_voiture`
--

INSERT INTO `app_reservation_location_voiture` (`id`, `date_reservation`, `date_restitution`, `utilisateur_id`, `voiture_id`) VALUES
(1, '2023-05-24 14:16:58.380147', '2023-05-24 14:16:58.380150', 1, 1),
(2, '2023-05-24 14:16:58.560199', '2023-05-24 14:16:58.560201', 1, 1);

-- --------------------------------------------------------

--
-- Structure de la table `app_reservation_reservations_hotel`
--

CREATE TABLE `app_reservation_reservations_hotel` (
  `id` bigint NOT NULL,
  `date_reservation` datetime(6) NOT NULL,
  `date_restitution` datetime(6) NOT NULL,
  `chambre_id` bigint NOT NULL,
  `utilisateur_id` bigint NOT NULL
) ENGINE=InnoDB DEFAULT CHARSET=utf8mb4 COLLATE=utf8mb4_general_ci;

--
-- Déchargement des données de la table `app_reservation_reservations_hotel`
--

INSERT INTO `app_reservation_reservations_hotel` (`id`, `date_reservation`, `date_restitution`, `chambre_id`, `utilisateur_id`) VALUES
(1, '2023-05-24 13:32:09.653619', '2023-05-24 13:32:09.653623', 1, 1),
(2, '2023-05-24 13:32:09.834204', '2023-05-24 13:32:09.834207', 1, 1);

-- --------------------------------------------------------

--
-- Structure de la table `app_reservation_reservation_vol`
--

CREATE TABLE `app_reservation_reservation_vol` (
  `id` bigint NOT NULL,
  `date` datetime(6) NOT NULL,
  `utilisateur_id` bigint NOT NULL,
  `vol_id` bigint NOT NULL
) ENGINE=InnoDB DEFAULT CHARSET=utf8mb4 COLLATE=utf8mb4_general_ci;

--
-- Déchargement des données de la table `app_reservation_reservation_vol`
--

INSERT INTO `app_reservation_reservation_vol` (`id`, `date`, `utilisateur_id`, `vol_id`) VALUES
(1, '2023-05-24 13:24:15.313742', 1, 1),
(2, '2023-05-24 13:24:15.494172', 1, 1);

-- --------------------------------------------------------

--
-- Structure de la table `app_reservation_utilisateur`
--

CREATE TABLE `app_reservation_utilisateur` (
  `id` bigint NOT NULL,
  `nom` varchar(255) COLLATE utf8mb4_general_ci NOT NULL,
  `prenom` varchar(255) COLLATE utf8mb4_general_ci NOT NULL,
  `adresse` varchar(255) COLLATE utf8mb4_general_ci NOT NULL,
  `email` varchar(255) COLLATE utf8mb4_general_ci NOT NULL,
  `telephone` varchar(20) COLLATE utf8mb4_general_ci NOT NULL,
  `mot_de_passe` varchar(50) COLLATE utf8mb4_general_ci NOT NULL
) ENGINE=InnoDB DEFAULT CHARSET=utf8mb4 COLLATE=utf8mb4_general_ci;

--
-- Déchargement des données de la table `app_reservation_utilisateur`
--

INSERT INTO `app_reservation_utilisateur` (`id`, `nom`, `prenom`, `adresse`, `email`, `telephone`, `mot_de_passe`) VALUES
(1, 'Reynolds', 'Jeffrey', '3678 Rivera Shore', 'danielsisaiah@example.org', '770078736', 'passer'),
(2, 'Trevino', 'Michelle', '0406 Franklin Island\nNew', 'wrightchristy@example.net', '703110801', 'passer'),
(3, 'Veronica', 'Rebecca', '92162 Atkinson Island', 'stoneamy@example.org', '776692690', 'passer'),
(4, 'Holmes', 'Robert', 'Unit 6840 Box', 'emcfarland@example.com', '706743964', 'passer'),
(5, 'Riley', 'Angela', '8397 Christopher Junctions\nMichaelhaven,', 'james79@example.net', '788372742', 'passer'),
(6, 'Tasha', 'Bill', '00393 Linda Tunnel\nKarachester,', 'osmith@example.org', '765445223', 'passer'),
(7, 'Chaney', 'Adam', '8469 Kevin Manors\nNew', 'rose66@example.com', '767966846', 'passer'),
(8, 'Alvarez', 'Thomas', '19455 Kelly Manor\nPerkinsmouth,', 'hhernandez@example.org', '702627832', 'passer'),
(9, 'Mcdonald', 'Robin', '0718 Matthew Flats', 'monicasalinas@example.org', '777311467', 'passer'),
(10, 'Mclaughlin', 'Bryan', '4478 Tiffany Route\nSouth', 'jennifer50@example.com', '769657052', 'passer'),
(11, 'Novak', 'Emily', 'USS Mcconnell\nFPO AA', 'vargasjoseph@example.org', '782115279', 'passer'),
(12, 'Gonzalez', 'Allison', '4697 Gutierrez Place', 'shannon21@example.org', '773014518', 'passer'),
(13, 'Moore', 'Catherine', '13545 Renee Keys', 'reyesdenise@example.com', '782599344', 'passer'),
(14, 'Anderson', 'Tina', '421 Reynolds Island', 'benitezsarah@example.org', '705441653', 'passer'),
(15, 'Moore', 'Emily', '9523 Suzanne Walks', 'catherinejones@example.com', '700371888', 'passer'),
(16, 'Moss', 'Michael', '4340 Werner Meadow\nLake', 'swright@example.net', '762253427', 'passer'),
(17, 'Cooper', 'Kelly', '2024 James Estate\nTeresaton,', 'ellislauren@example.net', '779938572', 'passer'),
(18, 'Davis', 'Rachel', '71968 Warner Creek', 'dennis78@example.net', '779504076', 'passer'),
(19, 'Hayes', 'Daniel', 'PSC 9802, Box', 'qbrown@example.net', '782294223', 'passer'),
(20, 'Morgan', 'John', '30170 Christine Canyon\nMckenzieside,', 'evanrichardson@example.net', '773593635', 'passer'),
(21, 'Henderson', 'Derek', '0644 Richardson Neck\nNorth', 'jessicawilliams@example.com', '787757539', 'passer'),
(22, 'Cobb', 'Daniel', '058 Jerry Fork\nNew', 'daniel83@example.net', '779947120', 'passer'),
(23, 'Moyer', 'Maurice', '29132 Christina Canyon\nLake', 'tammynguyen@example.net', '707447576', 'passer'),
(24, 'Perkins', 'Colleen', '119 Mark Extensions\nNew', 'hlopez@example.org', '761565142', 'passer'),
(25, 'Baker', 'Michael', '7007 Lauren Cove', 'sawyerkyle@example.com', '703106782', 'passer'),
(26, 'Graham', 'Kimberly', '905 James Turnpike', 'hughessean@example.org', '773091911', 'passer'),
(27, 'Jones', 'Jessica', '348 Lisa Shoal', 'sotodonna@example.net', '786285053', 'passer'),
(28, 'Young', 'Shawn', '286 Paul Mills', 'carolynosborne@example.org', '705096763', 'passer'),
(29, 'Martinez', 'Whitney', '163 Little Lock', 'kirk24@example.net', '767776032', 'passer'),
(30, 'Norris', 'Melinda', '612 Jeremiah Cape\nBrandonstad,', 'marcus23@example.net', '767485571', 'passer'),
(31, 'Wright', 'Jennifer', '952 Smith Knoll\nBrianshire,', 'osanchez@example.com', '782699395', 'passer'),
(32, 'Cobb', 'Sandra', 'PSC 7550, Box', 'juliasmith@example.org', '773572324', 'passer'),
(33, 'Mcneil', 'Pamela', '713 Andre Manor\nNew', 'krystal65@example.net', '779912968', 'passer'),
(34, 'Stewart', 'Julie', '40520 David Stravenue\nLake', 'bakerellen@example.org', '764429780', 'passer'),
(35, 'Anderson', 'Patrick', '7648 Barrett Islands', 'prattchristopher@example.com', '784438855', 'passer'),
(36, 'Suarez', 'Michael', '059 Wright Passage', 'mendezandrea@example.com', '786938481', 'passer'),
(37, 'Cervantes', 'Cynthia', '73685 Jimenez Park\nLake', 'melissa99@example.net', '772502114', 'passer'),
(38, 'Obrien', 'Amy', '16364 Laurie Branch', 'lopezmanuel@example.org', '780602463', 'passer'),
(39, 'Wilson', 'Matthew', '9157 Cruz Lane\nLake', 'michelleford@example.com', '778518962', 'passer'),
(40, 'Moore', 'David', '4386 Wu Expressway', 'bobbyperez@example.net', '779793210', 'passer'),
(41, 'Diop', 'Aissatou', 'dakar', 'aissatou2109diop@gmail.com', '77777777', '1234'),
(42, 'Faye', 'latte', 'Dakar', 'fayelatyr92@gmail.com', '779720064', 'Mbambe92'),
(43, 'aida', 'diop', 'dakar', 'aida@gmail.com', '789999999', 'azerty'),
(44, '', '', '', '', '', '');

-- --------------------------------------------------------

--
-- Structure de la table `app_reservation_voiture`
--

CREATE TABLE `app_reservation_voiture` (
  `id` bigint NOT NULL,
  `marque` varchar(255) COLLATE utf8mb4_general_ci NOT NULL,
  `modele` varchar(255) COLLATE utf8mb4_general_ci NOT NULL,
  `localisation` varchar(255) COLLATE utf8mb4_general_ci NOT NULL,
  `annee` int NOT NULL,
  `type` varchar(255) COLLATE utf8mb4_general_ci NOT NULL,
  `prix` decimal(10,2) NOT NULL,
  `nombre_place` int NOT NULL,
  `photo` varchar(255) COLLATE utf8mb4_general_ci NOT NULL,
  `disponible` tinyint(1) NOT NULL
) ENGINE=InnoDB DEFAULT CHARSET=utf8mb4 COLLATE=utf8mb4_general_ci;

--
-- Déchargement des données de la table `app_reservation_voiture`
--

INSERT INTO `app_reservation_voiture` (`id`, `marque`, `modele`, `localisation`, `annee`, `type`, `prix`, `nombre_place`, `photo`, `disponible`) VALUES
(1, 'Mercedes-Benz', 'C-Class', 'Saint-Louis', 2017, 'Manuelle', '25000.00', 6, 'v1.jpg', 1),
(2, 'Toyota', 'RAV4', 'Saint-Louis', 2021, 'Automatique', '30000.00', 5, 'v1.jpg', 1),
(3, 'Kia', 'Optima', 'Mbour', 2021, 'Automatique', '50000.00', 7, 'v1.jpg', 1),
(4, 'Volkswagen', 'Tiguan', 'Thiès', 2020, 'Automatique', '25000.00', 6, 'v1.jpg', 1),
(5, 'Hyundai', 'Tucson', 'Dakar', 2009, 'Manuelle', '50000.00', 7, 'v1.jpg', 1),
(6, 'Volkswagen', 'Atlas', 'Thiès', 2007, 'Automatique', '80000.00', 4, 'v1.jpg', 1),
(7, 'Ford', 'F-150', 'Mbour', 2008, 'Automatique', '30000.00', 4, 'v1.jpg', 1),
(8, 'Chevrolet', 'Cruze', 'Mbour', 2008, 'Automatique', '30000.00', 7, 'v1.jpg', 1),
(9, 'Hyundai', 'Sonata', 'Dakar', 2021, 'Automatique', '100000.00', 7, 'v1.jpg', 1),
(10, 'BMW', '3 Series', 'Saint-Louis', 2018, 'Manuelle', '80000.00', 5, 'v1.jpg', 1),
(11, 'Hyundai', 'Tucson', 'Dakar', 2019, 'Manuelle', '25000.00', 7, 'v1.jpg', 1),
(12, 'Chevrolet', 'Malibu', 'Thiès', 2007, 'Manuelle', '80000.00', 6, 'v1.jpg', 1),
(13, 'BMW', '5 Series', 'Mbour', 2008, 'Automatique', '50000.00', 5, 'v1.jpg', 1),
(14, 'Hyundai', 'Elantra', 'Saint-Louis', 2021, 'Manuelle', '100000.00', 5, 'v1.jpg', 1),
(15, 'Audi', 'A6', 'Saint-Louis', 2011, 'Manuelle', '50000.00', 7, 'v1.jpg', 1),
(16, 'BMW', '5 Series', 'Mbour', 2007, 'Manuelle', '25000.00', 5, 'v1.jpg', 1),
(17, 'Chevrolet', 'Equinox', 'Dakar', 2008, 'Manuelle', '30000.00', 6, 'v1.jpg', 1),
(18, 'Toyota', 'Corolla', 'Mbour', 2009, 'Manuelle', '25000.00', 4, 'v1.jpg', 1),
(19, 'Toyota', 'Corolla', 'Mbour', 2018, 'Automatique', '25000.00', 5, 'v1.jpg', 1),
(20, 'Kia', 'Optima', 'Saint-Louis', 2013, 'Automatique', '80000.00', 6, 'v1.jpg', 1),
(21, 'Mercedes-Benz', 'GLE', 'Mbour', 2013, 'Automatique', '80000.00', 5, 'v1.jpg', 1),
(22, 'Honda', 'CR-V', 'Saint-Louis', 2014, 'Automatique', '100000.00', 6, 'v1.jpg', 1);

-- --------------------------------------------------------

--
-- Structure de la table `app_reservation_vol`
--

CREATE TABLE `app_reservation_vol` (
  `id` bigint NOT NULL,
  `date_depart` datetime(6) NOT NULL,
  `date_arrivee` datetime(6) NOT NULL,
  `prix` decimal(10,2) NOT NULL,
  `nombre_place` int NOT NULL,
  `aeroport_arrivee_id` varchar(10) COLLATE utf8mb4_general_ci NOT NULL,
  `aeroport_depart_id` varchar(10) COLLATE utf8mb4_general_ci NOT NULL,
  `compagnie_id` varchar(10) COLLATE utf8mb4_general_ci NOT NULL
) ENGINE=InnoDB DEFAULT CHARSET=utf8mb4 COLLATE=utf8mb4_general_ci;

--
-- Déchargement des données de la table `app_reservation_vol`
--

INSERT INTO `app_reservation_vol` (`id`, `date_depart`, `date_arrivee`, `prix`, `nombre_place`, `aeroport_arrivee_id`, `aeroport_depart_id`, `compagnie_id`) VALUES
(1, '2023-06-01 08:30:00.000000', '2023-06-01 08:30:00.000000', '1016.21', 7, 'FRA', 'MAD', 'LH'),
(2, '2023-06-01 06:10:00.000000', '2023-06-01 06:10:00.000000', '1016.21', 7, 'FRA', 'MAD', 'LH'),
(3, '2023-06-01 11:35:00.000000', '2023-06-01 11:35:00.000000', '3745.72', 3, 'ORD', 'MAD', 'AY'),
(4, '2023-06-01 11:35:00.000000', '2023-06-01 11:35:00.000000', '3745.72', 3, 'ORD', 'MAD', 'AY'),
(5, '2023-06-01 11:35:00.000000', '2023-06-01 11:35:00.000000', '3750.91', 3, 'ORD', 'MAD', 'AY'),
(6, '2023-06-01 12:20:00.000000', '2023-06-01 12:20:00.000000', '3814.72', 3, 'SFO', 'MAD', 'AY'),
(7, '2023-06-01 12:20:00.000000', '2023-06-01 12:20:00.000000', '3819.91', 3, 'SFO', 'MAD', 'AY'),
(8, '2023-06-01 11:35:00.000000', '2023-06-01 11:35:00.000000', '4918.09', 3, 'ORD', 'MAD', 'AY'),
(9, '2023-06-01 11:35:00.000000', '2023-06-01 11:35:00.000000', '4918.09', 3, 'ORD', 'MAD', 'AY'),
(10, '2023-06-01 11:35:00.000000', '2023-06-01 11:35:00.000000', '4918.09', 3, 'ORD', 'MAD', 'AY'),
(11, '2023-06-01 11:35:00.000000', '2023-06-01 11:35:00.000000', '4922.72', 3, 'ORD', 'MAD', 'AY'),
(12, '2023-06-01 11:35:00.000000', '2023-06-01 11:35:00.000000', '4922.72', 3, 'ORD', 'MAD', 'AY'),
(13, '2023-06-01 11:35:00.000000', '2023-06-01 11:35:00.000000', '4927.91', 3, 'ORD', 'MAD', 'AY'),
(14, '2023-06-01 08:30:00.000000', '2023-06-01 08:30:00.000000', '1016.21', 7, 'FRA', 'MAD', 'LH'),
(15, '2023-06-01 06:10:00.000000', '2023-06-01 06:10:00.000000', '1016.21', 7, 'FRA', 'MAD', 'LH'),
(16, '2023-06-01 11:35:00.000000', '2023-06-01 11:35:00.000000', '3745.72', 3, 'ORD', 'MAD', 'AY'),
(17, '2023-06-01 11:35:00.000000', '2023-06-01 11:35:00.000000', '3745.72', 3, 'ORD', 'MAD', 'AY'),
(18, '2023-06-01 11:35:00.000000', '2023-06-01 11:35:00.000000', '3750.91', 3, 'ORD', 'MAD', 'AY'),
(19, '2023-06-01 12:20:00.000000', '2023-06-01 12:20:00.000000', '3814.72', 3, 'SFO', 'MAD', 'AY'),
(20, '2023-06-01 12:20:00.000000', '2023-06-01 12:20:00.000000', '3819.91', 3, 'SFO', 'MAD', 'AY'),
(21, '2023-06-01 11:35:00.000000', '2023-06-01 11:35:00.000000', '4918.09', 3, 'ORD', 'MAD', 'AY'),
(22, '2023-06-01 11:35:00.000000', '2023-06-01 11:35:00.000000', '4918.09', 3, 'ORD', 'MAD', 'AY'),
(23, '2023-06-01 11:35:00.000000', '2023-06-01 11:35:00.000000', '4918.09', 3, 'ORD', 'MAD', 'AY'),
(24, '2023-06-01 11:35:00.000000', '2023-06-01 11:35:00.000000', '4922.72', 3, 'ORD', 'MAD', 'AY'),
(25, '2023-06-01 11:35:00.000000', '2023-06-01 11:35:00.000000', '4922.72', 3, 'ORD', 'MAD', 'AY'),
(26, '2023-06-01 11:35:00.000000', '2023-06-01 11:35:00.000000', '4927.91', 3, 'ORD', 'MAD', 'AY');

-- --------------------------------------------------------

--
-- Structure de la table `auth_group`
--

CREATE TABLE `auth_group` (
  `id` int NOT NULL,
  `name` varchar(150) COLLATE utf8mb4_general_ci NOT NULL
) ENGINE=InnoDB DEFAULT CHARSET=utf8mb4 COLLATE=utf8mb4_general_ci;

-- --------------------------------------------------------

--
-- Structure de la table `auth_group_permissions`
--

CREATE TABLE `auth_group_permissions` (
  `id` bigint NOT NULL,
  `group_id` int NOT NULL,
  `permission_id` int NOT NULL
) ENGINE=InnoDB DEFAULT CHARSET=utf8mb4 COLLATE=utf8mb4_general_ci;

-- --------------------------------------------------------

--
-- Structure de la table `auth_permission`
--

CREATE TABLE `auth_permission` (
  `id` int NOT NULL,
  `name` varchar(255) COLLATE utf8mb4_general_ci NOT NULL,
  `content_type_id` int NOT NULL,
  `codename` varchar(100) COLLATE utf8mb4_general_ci NOT NULL
) ENGINE=InnoDB DEFAULT CHARSET=utf8mb4 COLLATE=utf8mb4_general_ci;

--
-- Déchargement des données de la table `auth_permission`
--

INSERT INTO `auth_permission` (`id`, `name`, `content_type_id`, `codename`) VALUES
(1, 'Can add log entry', 1, 'add_logentry'),
(2, 'Can change log entry', 1, 'change_logentry'),
(3, 'Can delete log entry', 1, 'delete_logentry'),
(4, 'Can view log entry', 1, 'view_logentry'),
(5, 'Can add permission', 2, 'add_permission'),
(6, 'Can change permission', 2, 'change_permission'),
(7, 'Can delete permission', 2, 'delete_permission'),
(8, 'Can view permission', 2, 'view_permission'),
(9, 'Can add group', 3, 'add_group'),
(10, 'Can change group', 3, 'change_group'),
(11, 'Can delete group', 3, 'delete_group'),
(12, 'Can view group', 3, 'view_group'),
(13, 'Can add user', 4, 'add_user'),
(14, 'Can change user', 4, 'change_user'),
(15, 'Can delete user', 4, 'delete_user'),
(16, 'Can view user', 4, 'view_user'),
(17, 'Can add content type', 5, 'add_contenttype'),
(18, 'Can change content type', 5, 'change_contenttype'),
(19, 'Can delete content type', 5, 'delete_contenttype'),
(20, 'Can view content type', 5, 'view_contenttype'),
(21, 'Can add session', 6, 'add_session'),
(22, 'Can change session', 6, 'change_session'),
(23, 'Can delete session', 6, 'delete_session'),
(24, 'Can view session', 6, 'view_session'),
(25, 'Can add compagnie', 7, 'add_compagnie'),
(26, 'Can change compagnie', 7, 'change_compagnie'),
(27, 'Can delete compagnie', 7, 'delete_compagnie'),
(28, 'Can view compagnie', 7, 'view_compagnie'),
(29, 'Can add aeroport', 8, 'add_aeroport'),
(30, 'Can change aeroport', 8, 'change_aeroport'),
(31, 'Can delete aeroport', 8, 'delete_aeroport'),
(32, 'Can view aeroport', 8, 'view_aeroport'),
(33, 'Can add vol', 9, 'add_vol'),
(34, 'Can change vol', 9, 'change_vol'),
(35, 'Can delete vol', 9, 'delete_vol'),
(36, 'Can view vol', 9, 'view_vol'),
(37, 'Can add hotel', 10, 'add_hotel'),
(38, 'Can change hotel', 10, 'change_hotel'),
(39, 'Can delete hotel', 10, 'delete_hotel'),
(40, 'Can view hotel', 10, 'view_hotel'),
(41, 'Can add chambre', 11, 'add_chambre'),
(42, 'Can change chambre', 11, 'change_chambre'),
(43, 'Can delete chambre', 11, 'delete_chambre'),
(44, 'Can view chambre', 11, 'view_chambre'),
(45, 'Can add utilisateur', 12, 'add_utilisateur'),
(46, 'Can change utilisateur', 12, 'change_utilisateur'),
(47, 'Can delete utilisateur', 12, 'delete_utilisateur'),
(48, 'Can view utilisateur', 12, 'view_utilisateur'),
(49, 'Can add voiture', 13, 'add_voiture'),
(50, 'Can change voiture', 13, 'change_voiture'),
(51, 'Can delete voiture', 13, 'delete_voiture'),
(52, 'Can view voiture', 13, 'view_voiture'),
(53, 'Can add reservation_ vol', 14, 'add_reservation_vol'),
(54, 'Can change reservation_ vol', 14, 'change_reservation_vol'),
(55, 'Can delete reservation_ vol', 14, 'delete_reservation_vol'),
(56, 'Can view reservation_ vol', 14, 'view_reservation_vol'),
(57, 'Can add reservations_ hotel', 15, 'add_reservations_hotel'),
(58, 'Can change reservations_ hotel', 15, 'change_reservations_hotel'),
(59, 'Can delete reservations_ hotel', 15, 'delete_reservations_hotel'),
(60, 'Can view reservations_ hotel', 15, 'view_reservations_hotel'),
(61, 'Can add location_ voiture', 16, 'add_location_voiture'),
(62, 'Can change location_ voiture', 16, 'change_location_voiture'),
(63, 'Can delete location_ voiture', 16, 'delete_location_voiture'),
(64, 'Can view location_ voiture', 16, 'view_location_voiture');

-- --------------------------------------------------------

--
-- Structure de la table `auth_user`
--

CREATE TABLE `auth_user` (
  `id` int NOT NULL,
  `password` varchar(128) COLLATE utf8mb4_general_ci NOT NULL,
  `last_login` datetime(6) DEFAULT NULL,
  `is_superuser` tinyint(1) NOT NULL,
  `username` varchar(150) COLLATE utf8mb4_general_ci NOT NULL,
  `first_name` varchar(150) COLLATE utf8mb4_general_ci NOT NULL,
  `last_name` varchar(150) COLLATE utf8mb4_general_ci NOT NULL,
  `email` varchar(254) COLLATE utf8mb4_general_ci NOT NULL,
  `is_staff` tinyint(1) NOT NULL,
  `is_active` tinyint(1) NOT NULL,
  `date_joined` datetime(6) NOT NULL
) ENGINE=InnoDB DEFAULT CHARSET=utf8mb4 COLLATE=utf8mb4_general_ci;

-- --------------------------------------------------------

--
-- Structure de la table `auth_user_groups`
--

CREATE TABLE `auth_user_groups` (
  `id` bigint NOT NULL,
  `user_id` int NOT NULL,
  `group_id` int NOT NULL
) ENGINE=InnoDB DEFAULT CHARSET=utf8mb4 COLLATE=utf8mb4_general_ci;

-- --------------------------------------------------------

--
-- Structure de la table `auth_user_user_permissions`
--

CREATE TABLE `auth_user_user_permissions` (
  `id` bigint NOT NULL,
  `user_id` int NOT NULL,
  `permission_id` int NOT NULL
) ENGINE=InnoDB DEFAULT CHARSET=utf8mb4 COLLATE=utf8mb4_general_ci;

-- --------------------------------------------------------

--
-- Structure de la table `django_admin_log`
--

CREATE TABLE `django_admin_log` (
  `id` int NOT NULL,
  `action_time` datetime(6) NOT NULL,
  `object_id` longtext COLLATE utf8mb4_general_ci,
  `object_repr` varchar(200) COLLATE utf8mb4_general_ci NOT NULL,
  `action_flag` smallint UNSIGNED NOT NULL,
  `change_message` longtext COLLATE utf8mb4_general_ci NOT NULL,
  `content_type_id` int DEFAULT NULL,
  `user_id` int NOT NULL
) ;

-- --------------------------------------------------------

--
-- Structure de la table `django_content_type`
--

CREATE TABLE `django_content_type` (
  `id` int NOT NULL,
  `app_label` varchar(100) COLLATE utf8mb4_general_ci NOT NULL,
  `model` varchar(100) COLLATE utf8mb4_general_ci NOT NULL
) ENGINE=InnoDB DEFAULT CHARSET=utf8mb4 COLLATE=utf8mb4_general_ci;

--
-- Déchargement des données de la table `django_content_type`
--

INSERT INTO `django_content_type` (`id`, `app_label`, `model`) VALUES
(1, 'admin', 'logentry'),
(8, 'app_reservation', 'aeroport'),
(11, 'app_reservation', 'chambre'),
(7, 'app_reservation', 'compagnie'),
(10, 'app_reservation', 'hotel'),
(16, 'app_reservation', 'location_voiture'),
(15, 'app_reservation', 'reservations_hotel'),
(14, 'app_reservation', 'reservation_vol'),
(12, 'app_reservation', 'utilisateur'),
(13, 'app_reservation', 'voiture'),
(9, 'app_reservation', 'vol'),
(3, 'auth', 'group'),
(2, 'auth', 'permission'),
(4, 'auth', 'user'),
(5, 'contenttypes', 'contenttype'),
(6, 'sessions', 'session');

-- --------------------------------------------------------

--
-- Structure de la table `django_migrations`
--

CREATE TABLE `django_migrations` (
  `id` bigint NOT NULL,
  `app` varchar(255) COLLATE utf8mb4_general_ci NOT NULL,
  `name` varchar(255) COLLATE utf8mb4_general_ci NOT NULL,
  `applied` datetime(6) NOT NULL
) ENGINE=InnoDB DEFAULT CHARSET=utf8mb4 COLLATE=utf8mb4_general_ci;

--
-- Déchargement des données de la table `django_migrations`
--

INSERT INTO `django_migrations` (`id`, `app`, `name`, `applied`) VALUES
(1, 'contenttypes', '0001_initial', '2023-05-23 20:25:04.699688'),
(2, 'auth', '0001_initial', '2023-05-23 20:25:04.902984'),
(3, 'admin', '0001_initial', '2023-05-23 20:25:04.959013'),
(4, 'admin', '0002_logentry_remove_auto_add', '2023-05-23 20:25:04.964309'),
(5, 'admin', '0003_logentry_add_action_flag_choices', '2023-05-23 20:25:04.970609'),
(6, 'contenttypes', '0002_remove_content_type_name', '2023-05-23 20:25:05.012133'),
(7, 'auth', '0002_alter_permission_name_max_length', '2023-05-23 20:25:05.037556'),
(8, 'auth', '0003_alter_user_email_max_length', '2023-05-23 20:25:05.051683'),
(9, 'auth', '0004_alter_user_username_opts', '2023-05-23 20:25:05.056654'),
(10, 'auth', '0005_alter_user_last_login_null', '2023-05-23 20:25:05.078956'),
(11, 'auth', '0006_require_contenttypes_0002', '2023-05-23 20:25:05.081642'),
(12, 'auth', '0007_alter_validators_add_error_messages', '2023-05-23 20:25:05.086784'),
(13, 'auth', '0008_alter_user_username_max_length', '2023-05-23 20:25:05.113196'),
(14, 'auth', '0009_alter_user_last_name_max_length', '2023-05-23 20:25:05.137337'),
(15, 'auth', '0010_alter_group_name_max_length', '2023-05-23 20:25:05.149100'),
(16, 'auth', '0011_update_proxy_permissions', '2023-05-23 20:25:05.155250'),
(17, 'auth', '0012_alter_user_first_name_max_length', '2023-05-23 20:25:05.185195'),
(18, 'sessions', '0001_initial', '2023-05-23 20:25:05.201971'),
(19, 'app_reservation', '0001_initial', '2023-05-23 20:45:36.577537'),
(20, 'app_reservation', '0002_aeroport', '2023-05-23 22:30:03.631708'),
(21, 'app_reservation', '0003_vol', '2023-05-23 23:39:40.078012'),
(22, 'app_reservation', '0004_hotel', '2023-05-24 08:15:49.675079'),
(23, 'app_reservation', '0005_chambre', '2023-05-24 10:08:12.019295'),
(24, 'app_reservation', '0006_utilisateur', '2023-05-24 11:19:48.771965'),
(25, 'app_reservation', '0007_utilisateur_mot_de_passe', '2023-05-24 11:43:58.706130'),
(26, 'app_reservation', '0008_voiture', '2023-05-24 12:35:05.064486'),
(27, 'app_reservation', '0009_reservation_vol', '2023-05-24 13:20:41.880335'),
(28, 'app_reservation', '0010_reservations_hotel', '2023-05-24 13:28:41.290150'),
(29, 'app_reservation', '0011_location_voiture', '2023-05-24 13:41:51.109783');

-- --------------------------------------------------------

--
-- Structure de la table `django_session`
--

CREATE TABLE `django_session` (
  `session_key` varchar(40) COLLATE utf8mb4_general_ci NOT NULL,
  `session_data` longtext COLLATE utf8mb4_general_ci NOT NULL,
  `expire_date` datetime(6) NOT NULL
) ENGINE=InnoDB DEFAULT CHARSET=utf8mb4 COLLATE=utf8mb4_general_ci;

--
-- Déchargement des données de la table `django_session`
--

INSERT INTO `django_session` (`session_key`, `session_data`, `expire_date`) VALUES
('fbvqk16lkcmu8fp4u0rowiexcsvovq0e', '.eJxFzLEKwjAQgOFXKTcX0Wpt7aSzCA6OQjnI1QSTS7kkoi19d-Pk-vPxz2B48H2KxpqAkZJAN4NR0LUlWAyxZ3QEHZzsC4UmKGEw8s837R2GXFEpoRBy2hx2dV2cydpPcUH2cucrydNwcD5FXWZMDo3NVGsSRlY0HemNbrS08vLIYNSef_tmXe2rpt1WsCxfwhM5Zg:1q2CEF:CULUvK-QF2rvLkA1FaxKVw0_Y_jHQwvaArhvdiuhB5U', '2023-06-08 14:46:11.567392');

--
-- Index pour les tables déchargées
--

--
-- Index pour la table `app_reservation_aeroport`
--
ALTER TABLE `app_reservation_aeroport`
  ADD PRIMARY KEY (`code`);

--
-- Index pour la table `app_reservation_chambre`
--
ALTER TABLE `app_reservation_chambre`
  ADD PRIMARY KEY (`id`),
  ADD KEY `app_reservation_cham_hotel_id_1f58d9c3_fk_app_reser` (`hotel_id`);

--
-- Index pour la table `app_reservation_compagnie`
--
ALTER TABLE `app_reservation_compagnie`
  ADD PRIMARY KEY (`code`);

--
-- Index pour la table `app_reservation_hotel`
--
ALTER TABLE `app_reservation_hotel`
  ADD PRIMARY KEY (`id_hotel`);

--
-- Index pour la table `app_reservation_location_voiture`
--
ALTER TABLE `app_reservation_location_voiture`
  ADD PRIMARY KEY (`id`),
  ADD KEY `app_reservation_loca_utilisateur_id_ca99ef3d_fk_app_reser` (`utilisateur_id`),
  ADD KEY `app_reservation_loca_voiture_id_255fb0dd_fk_app_reser` (`voiture_id`);

--
-- Index pour la table `app_reservation_reservations_hotel`
--
ALTER TABLE `app_reservation_reservations_hotel`
  ADD PRIMARY KEY (`id`),
  ADD KEY `app_reservation_rese_chambre_id_9e2e7efb_fk_app_reser` (`chambre_id`),
  ADD KEY `app_reservation_rese_utilisateur_id_3f81e00e_fk_app_reser` (`utilisateur_id`);

--
-- Index pour la table `app_reservation_reservation_vol`
--
ALTER TABLE `app_reservation_reservation_vol`
  ADD PRIMARY KEY (`id`),
  ADD KEY `app_reservation_rese_utilisateur_id_456742bd_fk_app_reser` (`utilisateur_id`),
  ADD KEY `app_reservation_rese_vol_id_3c43530f_fk_app_reser` (`vol_id`);

--
-- Index pour la table `app_reservation_utilisateur`
--
ALTER TABLE `app_reservation_utilisateur`
  ADD PRIMARY KEY (`id`);

--
-- Index pour la table `app_reservation_voiture`
--
ALTER TABLE `app_reservation_voiture`
  ADD PRIMARY KEY (`id`);

--
-- Index pour la table `app_reservation_vol`
--
ALTER TABLE `app_reservation_vol`
  ADD PRIMARY KEY (`id`),
  ADD KEY `app_reservation_vol_aeroport_arrivee_id_e3179906_fk_app_reser` (`aeroport_arrivee_id`),
  ADD KEY `app_reservation_vol_aeroport_depart_id_3c44648d_fk_app_reser` (`aeroport_depart_id`),
  ADD KEY `app_reservation_vol_compagnie_id_e5158e64_fk_app_reser` (`compagnie_id`);

--
-- Index pour la table `auth_group`
--
ALTER TABLE `auth_group`
  ADD PRIMARY KEY (`id`),
  ADD UNIQUE KEY `name` (`name`);

--
-- Index pour la table `auth_group_permissions`
--
ALTER TABLE `auth_group_permissions`
  ADD PRIMARY KEY (`id`),
  ADD UNIQUE KEY `auth_group_permissions_group_id_permission_id_0cd325b0_uniq` (`group_id`,`permission_id`),
  ADD KEY `auth_group_permissio_permission_id_84c5c92e_fk_auth_perm` (`permission_id`);

--
-- Index pour la table `auth_permission`
--
ALTER TABLE `auth_permission`
  ADD PRIMARY KEY (`id`),
  ADD UNIQUE KEY `auth_permission_content_type_id_codename_01ab375a_uniq` (`content_type_id`,`codename`);

--
-- Index pour la table `auth_user`
--
ALTER TABLE `auth_user`
  ADD PRIMARY KEY (`id`),
  ADD UNIQUE KEY `username` (`username`);

--
-- Index pour la table `auth_user_groups`
--
ALTER TABLE `auth_user_groups`
  ADD PRIMARY KEY (`id`),
  ADD UNIQUE KEY `auth_user_groups_user_id_group_id_94350c0c_uniq` (`user_id`,`group_id`),
  ADD KEY `auth_user_groups_group_id_97559544_fk_auth_group_id` (`group_id`);

--
-- Index pour la table `auth_user_user_permissions`
--
ALTER TABLE `auth_user_user_permissions`
  ADD PRIMARY KEY (`id`),
  ADD UNIQUE KEY `auth_user_user_permissions_user_id_permission_id_14a6b632_uniq` (`user_id`,`permission_id`),
  ADD KEY `auth_user_user_permi_permission_id_1fbb5f2c_fk_auth_perm` (`permission_id`);

--
-- Index pour la table `django_admin_log`
--
ALTER TABLE `django_admin_log`
  ADD PRIMARY KEY (`id`),
  ADD KEY `django_admin_log_content_type_id_c4bce8eb_fk_django_co` (`content_type_id`),
  ADD KEY `django_admin_log_user_id_c564eba6_fk_auth_user_id` (`user_id`);

--
-- Index pour la table `django_content_type`
--
ALTER TABLE `django_content_type`
  ADD PRIMARY KEY (`id`),
  ADD UNIQUE KEY `django_content_type_app_label_model_76bd3d3b_uniq` (`app_label`,`model`);

--
-- Index pour la table `django_migrations`
--
ALTER TABLE `django_migrations`
  ADD PRIMARY KEY (`id`);

--
-- Index pour la table `django_session`
--
ALTER TABLE `django_session`
  ADD PRIMARY KEY (`session_key`),
  ADD KEY `django_session_expire_date_a5c62663` (`expire_date`);

--
-- AUTO_INCREMENT pour les tables déchargées
--

--
-- AUTO_INCREMENT pour la table `app_reservation_chambre`
--
ALTER TABLE `app_reservation_chambre`
  MODIFY `id` bigint NOT NULL AUTO_INCREMENT, AUTO_INCREMENT=48;

--
-- AUTO_INCREMENT pour la table `app_reservation_location_voiture`
--
ALTER TABLE `app_reservation_location_voiture`
  MODIFY `id` bigint NOT NULL AUTO_INCREMENT, AUTO_INCREMENT=3;

--
-- AUTO_INCREMENT pour la table `app_reservation_reservations_hotel`
--
ALTER TABLE `app_reservation_reservations_hotel`
  MODIFY `id` bigint NOT NULL AUTO_INCREMENT, AUTO_INCREMENT=3;

--
-- AUTO_INCREMENT pour la table `app_reservation_reservation_vol`
--
ALTER TABLE `app_reservation_reservation_vol`
  MODIFY `id` bigint NOT NULL AUTO_INCREMENT, AUTO_INCREMENT=3;

--
-- AUTO_INCREMENT pour la table `app_reservation_utilisateur`
--
ALTER TABLE `app_reservation_utilisateur`
  MODIFY `id` bigint NOT NULL AUTO_INCREMENT, AUTO_INCREMENT=48;

--
-- AUTO_INCREMENT pour la table `app_reservation_voiture`
--
ALTER TABLE `app_reservation_voiture`
  MODIFY `id` bigint NOT NULL AUTO_INCREMENT, AUTO_INCREMENT=23;

--
-- AUTO_INCREMENT pour la table `app_reservation_vol`
--
ALTER TABLE `app_reservation_vol`
  MODIFY `id` bigint NOT NULL AUTO_INCREMENT, AUTO_INCREMENT=27;

--
-- AUTO_INCREMENT pour la table `auth_group`
--
ALTER TABLE `auth_group`
  MODIFY `id` int NOT NULL AUTO_INCREMENT;

--
-- AUTO_INCREMENT pour la table `auth_group_permissions`
--
ALTER TABLE `auth_group_permissions`
  MODIFY `id` bigint NOT NULL AUTO_INCREMENT;

--
-- AUTO_INCREMENT pour la table `auth_permission`
--
ALTER TABLE `auth_permission`
  MODIFY `id` int NOT NULL AUTO_INCREMENT, AUTO_INCREMENT=65;

--
-- AUTO_INCREMENT pour la table `auth_user`
--
ALTER TABLE `auth_user`
  MODIFY `id` int NOT NULL AUTO_INCREMENT;

--
-- AUTO_INCREMENT pour la table `auth_user_groups`
--
ALTER TABLE `auth_user_groups`
  MODIFY `id` bigint NOT NULL AUTO_INCREMENT;

--
-- AUTO_INCREMENT pour la table `auth_user_user_permissions`
--
ALTER TABLE `auth_user_user_permissions`
  MODIFY `id` bigint NOT NULL AUTO_INCREMENT;

--
-- AUTO_INCREMENT pour la table `django_admin_log`
--
ALTER TABLE `django_admin_log`
  MODIFY `id` int NOT NULL AUTO_INCREMENT;

--
-- AUTO_INCREMENT pour la table `django_content_type`
--
ALTER TABLE `django_content_type`
  MODIFY `id` int NOT NULL AUTO_INCREMENT, AUTO_INCREMENT=17;

--
-- AUTO_INCREMENT pour la table `django_migrations`
--
ALTER TABLE `django_migrations`
  MODIFY `id` bigint NOT NULL AUTO_INCREMENT, AUTO_INCREMENT=30;

--
-- Contraintes pour les tables déchargées
--

--
-- Contraintes pour la table `app_reservation_chambre`
--
ALTER TABLE `app_reservation_chambre`
  ADD CONSTRAINT `app_reservation_cham_hotel_id_1f58d9c3_fk_app_reser` FOREIGN KEY (`hotel_id`) REFERENCES `app_reservation_hotel` (`id_hotel`);

--
-- Contraintes pour la table `app_reservation_location_voiture`
--
ALTER TABLE `app_reservation_location_voiture`
  ADD CONSTRAINT `app_reservation_loca_utilisateur_id_ca99ef3d_fk_app_reser` FOREIGN KEY (`utilisateur_id`) REFERENCES `app_reservation_utilisateur` (`id`),
  ADD CONSTRAINT `app_reservation_loca_voiture_id_255fb0dd_fk_app_reser` FOREIGN KEY (`voiture_id`) REFERENCES `app_reservation_voiture` (`id`);

--
-- Contraintes pour la table `app_reservation_reservations_hotel`
--
ALTER TABLE `app_reservation_reservations_hotel`
  ADD CONSTRAINT `app_reservation_rese_chambre_id_9e2e7efb_fk_app_reser` FOREIGN KEY (`chambre_id`) REFERENCES `app_reservation_chambre` (`id`),
  ADD CONSTRAINT `app_reservation_rese_utilisateur_id_3f81e00e_fk_app_reser` FOREIGN KEY (`utilisateur_id`) REFERENCES `app_reservation_utilisateur` (`id`);

--
-- Contraintes pour la table `app_reservation_reservation_vol`
--
ALTER TABLE `app_reservation_reservation_vol`
  ADD CONSTRAINT `app_reservation_rese_utilisateur_id_456742bd_fk_app_reser` FOREIGN KEY (`utilisateur_id`) REFERENCES `app_reservation_utilisateur` (`id`),
  ADD CONSTRAINT `app_reservation_rese_vol_id_3c43530f_fk_app_reser` FOREIGN KEY (`vol_id`) REFERENCES `app_reservation_vol` (`id`);

--
-- Contraintes pour la table `app_reservation_vol`
--
ALTER TABLE `app_reservation_vol`
  ADD CONSTRAINT `app_reservation_vol_aeroport_arrivee_id_e3179906_fk_app_reser` FOREIGN KEY (`aeroport_arrivee_id`) REFERENCES `app_reservation_aeroport` (`code`),
  ADD CONSTRAINT `app_reservation_vol_aeroport_depart_id_3c44648d_fk_app_reser` FOREIGN KEY (`aeroport_depart_id`) REFERENCES `app_reservation_aeroport` (`code`),
  ADD CONSTRAINT `app_reservation_vol_compagnie_id_e5158e64_fk_app_reser` FOREIGN KEY (`compagnie_id`) REFERENCES `app_reservation_compagnie` (`code`);

--
-- Contraintes pour la table `auth_group_permissions`
--
ALTER TABLE `auth_group_permissions`
  ADD CONSTRAINT `auth_group_permissio_permission_id_84c5c92e_fk_auth_perm` FOREIGN KEY (`permission_id`) REFERENCES `auth_permission` (`id`),
  ADD CONSTRAINT `auth_group_permissions_group_id_b120cbf9_fk_auth_group_id` FOREIGN KEY (`group_id`) REFERENCES `auth_group` (`id`);

--
-- Contraintes pour la table `auth_permission`
--
ALTER TABLE `auth_permission`
  ADD CONSTRAINT `auth_permission_content_type_id_2f476e4b_fk_django_co` FOREIGN KEY (`content_type_id`) REFERENCES `django_content_type` (`id`);

--
-- Contraintes pour la table `auth_user_groups`
--
ALTER TABLE `auth_user_groups`
  ADD CONSTRAINT `auth_user_groups_group_id_97559544_fk_auth_group_id` FOREIGN KEY (`group_id`) REFERENCES `auth_group` (`id`),
  ADD CONSTRAINT `auth_user_groups_user_id_6a12ed8b_fk_auth_user_id` FOREIGN KEY (`user_id`) REFERENCES `auth_user` (`id`);

--
-- Contraintes pour la table `auth_user_user_permissions`
--
ALTER TABLE `auth_user_user_permissions`
  ADD CONSTRAINT `auth_user_user_permi_permission_id_1fbb5f2c_fk_auth_perm` FOREIGN KEY (`permission_id`) REFERENCES `auth_permission` (`id`),
  ADD CONSTRAINT `auth_user_user_permissions_user_id_a95ead1b_fk_auth_user_id` FOREIGN KEY (`user_id`) REFERENCES `auth_user` (`id`);

--
-- Contraintes pour la table `django_admin_log`
--
ALTER TABLE `django_admin_log`
  ADD CONSTRAINT `django_admin_log_content_type_id_c4bce8eb_fk_django_co` FOREIGN KEY (`content_type_id`) REFERENCES `django_content_type` (`id`),
  ADD CONSTRAINT `django_admin_log_user_id_c564eba6_fk_auth_user_id` FOREIGN KEY (`user_id`) REFERENCES `auth_user` (`id`);
COMMIT;

/*!40101 SET CHARACTER_SET_CLIENT=@OLD_CHARACTER_SET_CLIENT */;
/*!40101 SET CHARACTER_SET_RESULTS=@OLD_CHARACTER_SET_RESULTS */;
/*!40101 SET COLLATION_CONNECTION=@OLD_COLLATION_CONNECTION */;
